batch,key,policy,life_raw,n,QD_last,spike_max_mAh,reason
b1,b1c0,3.6C(80%)-3.6C,1190.0,1189,1.026,464.3,EOL 미도달 (수명 미관측)
b1,b1c1,3.6C(80%)-3.6C,1179.0,1178,1.038,2.6,EOL 미도달 (수명 미관측)
b1,b1c2,3.6C(80%)-3.6C,1177.0,1176,1.043,2.3,EOL 미도달 (수명 미관측)
b1,b1c3,4C(80%)-4C,1226.0,1225,0.971,3.3,EOL 미도달 (수명 미관측)
b1,b1c4,4C(80%)-4C,1227.0,1226,1.022,3.4,EOL 미도달 (수명 미관측)
b1,b1c5,4.4C(80%)-4.4C,1074.0,1073,0.881,3.8,
b1,b1c6,4.8C(80%)-4.8C,636.0,635,0.88,2.1,
b1,b1c7,4.8C(80%)-4.8C,870.0,869,0.881,2.3,
b1,b1c8,5.4C(40%)-3.6C,879.0,878,0.969,0.1,EOL 미도달 (수명 미관측)
b1,b1c9,5.4C(40%)-3.6C,1054.0,1053,0.881,0.1,
b1,b1c10,5.4C(50%)-3C,906.0,905,0.961,5.3,EOL 미도달 (수명 미관측)
b1,b1c11,5.4C(50%)-3C,788.0,787,0.881,5.0,
b1,b1c12,5.4C(50%)-3.6C,902.0,901,0.913,0.2,EOL 미도달 (수명 미관측)
b1,b1c13,5.4C(50%)-3.6C,897.0,896,0.923,0.1,EOL 미도달 (수명 미관측)
b1,b1c14,5.4C(60%)-3C,880.0,879,0.88,3.4,
b1,b1c15,5.4C(60%)-3C,719.0,718,0.883,3.7,
b1,b1c16,5.4C(60%)-3.6C,862.0,861,0.881,2.6,
b1,b1c17,5.4C(60%)-3.6C,857.0,856,0.883,1.0,
b1,b1c18,5.4C(70%)-3C,691.0,690,0.881,1814.6,
b1,b1c19,5.4C(70%)-3C,788.0,787,0.881,1.2,
b1,b1c20,5.4C(80%)-5.4C,534.0,533,0.881,5.6,
b1,b1c21,5.4C(80%)-5.4C,559.0,558,0.88,5.7,
b1,b1c22,6C(30%)-3.6C,891.0,890,0.963,1.2,EOL 미도달 (수명 미관측)
b1,b1c23,6C(30%)-3.6C,1014.0,1013,0.881,1.2,
b1,b1c24,6C(40%)-3C,1017.0,1016,0.88,1.3,
b1,b1c25,6C(40%)-3C,854.0,853,0.88,1.2,
b1,b1c26,6C(40%)-3.6C,870.0,869,0.881,2.4,
b1,b1c27,6C(40%)-3.6C,842.0,841,0.881,1.3,
b1,b1c28,6C(50%)-3C,860.0,859,0.881,0.1,
b1,b1c29,6C(50%)-3C,917.0,916,0.88,0.1,
b1,b1c30,6C(50%)-3.6C,709.0,708,0.881,1.2,
b1,b1c31,6C(50%)-3.6C,876.0,875,0.881,1.2,
b1,b1c32,6C(60%)-3C,731.0,730,0.881,0.1,
b1,b1c33,6C(60%)-3C,757.0,756,0.88,0.1,
b1,b1c34,7C(30%)-3.6C,742.0,741,0.882,1.2,
b1,b1c35,7C(30%)-3.6C,703.0,702,0.88,1.2,
b1,b1c36,7C(40%)-3C,704.0,703,0.882,1.2,
b1,b1c37,7C(40%)-3C,648.0,647,0.883,1.2,
b1,b1c38,7C(40%)-3.6C,617.0,616,0.881,0.1,
b1,b1c39,7C(40%)-3.6C,625.0,624,0.88,0.1,
b1,b1c40,8C(15%)-3.6C,966.0,965,0.881,0.1,
b1,b1c41,8C(15%)-3.6C,1051.0,1050,0.881,0.1,
b1,b1c42,8C(25%)-3.6C,702.0,701,0.88,0.1,
b1,b1c43,8C(25%)-3.6C,651.0,650,0.88,0.1,
b1,b1c44,8C(35%)-3.6C,616.0,615,0.88,0.1,
b1,b1c45,8C(35%)-3.6C,599.0,598,0.881,0.1,
b2,b2c0,5.2C(58%)-4C,477.0,496,0.827,4.7,
b2,b2c1,5.6C(26%)-4.5C,491.0,513,0.828,3.1,
b2,b2c2,5.2C(50%)-4.25C,424.0,439,0.827,101.0,
b2,b2c3,4.65C(44%)-5C,499.0,517,0.826,6.6,
b2,b2c4,4.65C(69%)-6C,444.0,464,0.827,3.2,
b2,b2c5,3.6C(30%)-6C,416.0,445,0.826,104.4,
b2,b2c6,3.6C(9%)-5C,393.0,409,0.829,4.1,
b2,b2c7,4.8C(80%)-4.8C-newstructure,777.0,806,0.826,11.8,
b2,b2c8,5.2C(58%)-4C-newstructure,904.0,947,0.826,117.7,
b2,b2c9,5.6C(26%)-4.5C-newstructure,791.0,819,0.826,2.2,
b2,b2c10,4.8C(80%)-4.8C,492.0,519,0.828,108.0,
b2,b2c11,5.2C(50%)-4.25C,449.0,468,0.825,136.7,
b2,b2c12,4.65C(44%)-5C,466.0,493,0.825,5.4,
b2,b2c13,4.65C(69%)-6C,460.0,483,0.826,2.1,
b2,b2c14,3.6C(30%)-6C,426.0,461,0.826,3.1,
b2,b2c15,3.6C(9%)-5C,396.0,414,0.826,2.6,
b2,b2c16,4.8C(80%)-4.8C,472.0,499,0.826,3.1,
b2,b2c17,5.6C(26%)-4.5C,471.0,494,0.827,16.1,
b2,b2c18,5.2C(50%)-4.25C,449.0,467,0.827,2.6,
b2,b2c19,6C(60%)-3C,392.0,411,0.826,5.9,
b2,b2c20,5.2C(58%)-4C,489.0,506,0.829,2.0,
b2,b2c21,6C(60%)-3C,408.0,426,0.828,104.6,
b2,b2c22,VarCharge-2C-100cycles,,920,1.056,1079.1,다른 실험 프로토콜 (cycle_life 없음)
b2,b2c23,VarCharge-4C-100cycles,,1152,0.978,1065.9,다른 실험 프로토콜 (cycle_life 없음)
b2,b2c24,4.8C(80%)-4.8C,514.0,536,0.826,4.1,
b2,b2c25,5.2C(58%)-4C,493.0,511,0.828,4.6,
b2,b2c26,5.6C(26%)-4.5C,450.0,476,0.825,2.0,
b2,b2c27,5.2C(50%)-4.25C,474.0,493,0.827,3.0,
b2,b2c28,4.8C(80%)-4.8C,437.0,456,0.827,3.5,
b2,b2c29,5.2C(58%)-4C,452.0,470,0.825,3.1,
b2,b2c30,5.6C(26%)-4.5C,412.0,429,0.827,3.1,
b2,b2c31,5.6C(26%)-4.5C,425.0,446,0.825,2.5,
b2,b2c32,4.8C(80%)-4.8C-newstructure,809.0,834,0.827,1.9,
b2,b2c33,5.2C(58%)-4C-newstructure,1140.0,1190,0.825,136.8,
b2,b2c34,5.6C(26%)-4.5C-newstructure,1186.0,1252,0.826,2.5,
b2,b2c35,VarCharge-6C-100cycles,,423,0.881,1029.3,다른 실험 프로토콜 (cycle_life 없음)
b2,b2c36,VarCharge-8C-100cycles,,280,0.881,1008.7,다른 실험 프로토콜 (cycle_life 없음)
b2,b2c37,3.6C(80%)-3.6C(SLOWCYCLE,,101,2.169,1084.5,다른 실험 프로토콜 (cycle_life 없음)
b2,b2c38,4.8C(80%)-4.8C(SLOWCYCLE,,101,2.165,1083.3,다른 실험 프로토콜 (cycle_life 없음)
b2,b2c39,3.6C(9%)-5C(SLOWCYCLE,,434,0.881,1058.7,다른 실험 프로토콜 (cycle_life 없음)
b2,b2c40,5.2C(58%)-4C(SLOWCYCLE,,459,0.88,1076.2,다른 실험 프로토콜 (cycle_life 없음)
b2,b2c41,5.6C(26%)-4.5C,442.0,463,0.826,2.3,
b2,b2c42,5.2C(50%)-4.25C,474.0,497,0.826,3.6,
b2,b2c43,4.8C(80%)-4.8C-newstructure,1029.0,1061,0.825,2.7,
b2,b2c44,5.2C(58%)-4C-newstructure,841.0,874,0.825,2.5,
b2,b2c45,5.6C(26%)-4.5C-newstructure,997.0,1027,0.827,74.9,
b2,b2c46,4.8C(80%)-4.8C,503.0,523,0.826,3.0,
b3,b3c0,5C(67%)-4C-newstructure,1009.0,1008,0.88,0.2,
b3,b3c1,5.3C(54%)-4C-newstructure,1063.0,1062,0.88,0.1,
b3,b3c2,5.6C(19%)-4.6C-newstructure,1267.0,1266,0.88,0.2,
b3,b3c3,5.6C(36%)-4.3C-newstructure,1115.0,1114,0.881,0.2,
b3,b3c4,5.6C(19%)-4.6C-newstructure,1048.0,1047,0.88,0.2,
b3,b3c5,5.6C(36%)-4.3C-newstructure,828.0,827,0.881,0.2,
b3,b3c6,3.7C(31%)-5.9C-newstructure,667.0,666,0.881,0.1,
b3,b3c7,4.8C(80%)-4.8C-newstructure,1836.0,1835,0.88,2.6,
b3,b3c8,5C(67%)-4C-newstructure,828.0,827,0.881,0.2,
b3,b3c9,5.3C(54%)-4C-newstructure,1039.0,1038,0.88,0.3,
b3,b3c10,4.8C(80%)-4.8C-newstructure,1078.0,1077,0.881,1.3,
b3,b3c11,5.6C(19%)-4.6C-newstructure,817.0,816,0.881,1.0,
b3,b3c12,5.6C(36%)-4.3C-newstructure,932.0,931,0.881,0.9,
b3,b3c13,5.6C(19%)-4.6C-newstructure,816.0,815,0.88,1.2,
b3,b3c14,5.6C(36%)-4.3C-newstructure,858.0,857,0.881,1.0,
b3,b3c15,5.9C(15%)-4.6C-newstructure,876.0,875,0.881,1.1,
b3,b3c16,4.8C(80%)-4.8C-newstructure,1638.0,1637,0.88,1.2,
b3,b3c17,5.3C(54%)-4C-newstructure,1315.0,1314,0.88,5.0,
b3,b3c18,5.6C(19%)-4.6C-newstructure,1146.0,1145,0.88,1.1,
b3,b3c19,5.6C(36%)-4.3C-newstructure,1155.0,1154,0.88,0.1,
b3,b3c20,5C(67%)-4C-newstructure,813.0,812,0.881,0.3,
b3,b3c21,3.7C(31%)-5.9C-newstructure,772.0,771,0.88,1.1,
b3,b3c22,5.9C(60%)-3.1C-newstructure,1002.0,1001,0.881,0.1,
b3,b3c23,4.8C(80%)-4.8C-newstructure,,2189,0.937,1.3,EOL 미도달 (수명 미관측)
b3,b3c24,5C(67%)-4C-newstructure,825.0,824,0.88,1.0,
b3,b3c25,5.3C(54%)-4C-newstructure,989.0,988,0.882,1.1,
b3,b3c26,5.6C(19%)-4.6C-newstructure,1028.0,1027,0.88,1.1,
b3,b3c27,5.6C(36%)-4.3C-newstructure,850.0,849,0.88,0.2,
b3,b3c28,3.7C(31%)-5.9C-newstructure,541.0,540,0.88,0.0,
b3,b3c29,5.9C(15%)-4.6C-newstructure,858.0,857,0.88,0.1,
b3,b3c30,5.3C(54%)-4C-newstructure,935.0,934,0.88,0.2,
b3,b3c31,5.9C(60%)-3.1C-newstructure,731.0,730,0.88,1.2,
b3,b3c32,4.8C(80%)-4.8C-newstructure,,2237,0.974,1.2,EOL 미도달 (수명 미관측)
b3,b3c33,5C(67%)-4C-newstructure,1284.0,1283,0.881,0.2,
b3,b3c34,5.3C(54%)-4C-newstructure,1158.0,1157,0.88,0.2,
b3,b3c35,5.6C(19%)-4.6C-newstructure,1093.0,1092,0.88,0.2,
b3,b3c36,5.6C(36%)-4.3C-newstructure,923.0,922,0.881,0.2,
b3,b3c37,4.8C(80%)-4.8C-newstructure,1390.0,1389,0.88,8.0,
b3,b3c38,5C(67%)-4C-newstructure,1935.0,1934,0.88,0.1,
b3,b3c39,5.3C(54%)-4C-newstructure,1156.0,1155,0.88,0.1,
b3,b3c40,5.6C(19%)-4.6C-newstructure,796.0,795,0.881,0.2,
b3,b3c41,5.6C(36%)-4.3C-newstructure,786.0,785,0.881,0.1,
b3,b3c42,4.8C(80%)-4.8C-newstructure,1642.0,1641,0.88,0.1,
b3,b3c43,5C(67%)-4C-newstructure,1046.0,1045,0.881,0.2,
b3,b3c44,5.3C(54%)-4C-newstructure,940.0,939,0.88,0.1,
b3,b3c45,4.8C(80%)-4.8C-newstructure,1801.0,1800,0.88,1.3,
