batch,key,policy,life,log_life,dQ_logvar,dQ_logmin,dQ_mean,dQ_skew,dQ_kurt,QD_2,QD_100_m10,QD_slope_2_100,QD_icpt_2_100,QD_slope_91_100,IR_2,IR_min,IR_100_m2,Tavg_mean,Tmax_max,Trange_mean,chargetime_2_6,C1,Q1,C2,avgC_80,newstruct,pol_base,knee,slope_pre,slope_post,dQ_vmin
b1,b1c5,4.4C(80%)-4.4C,1074.0,3.0310042813635367,-4.178877963304522,-1.5989653349280424,-11.07391297973859,-0.1493501482196471,0.0890308836301132,1.0761266,-0.3965999999999692,9.176004947426248,1.079900325767883,-22.986060606066097,0.016437579,0.015922785,-1.118670000000016,30.92149771366389,34.654667,3.7776199393939396,10.967849666666668,4.4,80.0,4.4,4.4,0,4.4C(80%)-4.4C,882.0,-69.22930292365272,-702.8648772312332,2.8723723723723724
b1,b1c6,4.8C(80%)-4.8C,636.0,2.803457115648414,-3.7688779002277237,-1.4215207944138115,-15.965056248274824,-0.40793584962018636,0.0927452333550496,1.0758358,-1.8586000000000436,-5.995147804580999,1.0812434929420736,-62.23030303031508,0.017001977,0.016541764,-3.3334600000000174,32.27384521945563,36.496124,6.044904222222221,10.07647899999999,4.8,80.0,4.8,4.8,0,4.8C(80%)-4.8C,515.0,-110.04597182579047,-1161.6915749898385,2.933933933933934
b1,b1c7,4.8C(80%)-4.8C,870.0,2.9395192526186187,-3.8134860773269867,-1.4175572328154407,-16.645727245619735,-0.3334166199580946,0.04942577672560296,1.0938644,-1.8245000000001177,-8.598354978351681,1.0974151989321783,-41.19090909092407,0.016311171,0.016083084,-0.3842100000000029,31.990084509217034,36.053928,5.742631181818182,10.02508166666667,4.8,80.0,4.8,4.8,0,4.8C(80%)-4.8C,643.0,-76.24458105216917,-712.2569084307795,3.06006006006006
b1,b1c9,5.4C(40%)-3.6C,1054.0,3.022840610876528,-4.059383677769545,-1.5417478896827503,-11.510600568480111,-0.4275910282835675,0.07268024879897933,1.0829742,1.028800000000052,18.216572665435805,1.0867706012587088,-12.572727272731196,0.016978227,0.016611163,-0.3366599999999817,32.64153361126789,36.799232,5.708673353535354,11.207955999999994,5.4,40.0,3.6,4.32,0,5.4C(40%)-3.6C,791.0,-61.745587965900846,-560.3776173799349,2.9684684684684686
b1,b1c11,5.4C(50%)-3C,788.0,2.8965262174895554,-4.146896530502188,-1.6254072026301174,-8.378205102529986,-0.5948478865400659,0.08118719666612248,1.0537786,1.846999999999932,22.133771181195804,1.0589479938313748,-12.383636363640534,0.016575078,0.015962802,-3.035779999999988,32.75932260623101,37.128967,6.081996757575757,11.668875999999987,5.4,50.0,3.0,4.153846153846154,0,5.4C(50%)-3C,594.0,-62.08400973873855,-721.8936351444084,2.9654654654654653
b1,b1c14,5.4C(60%)-3C,880.0,2.9444826721501687,-4.046069839990279,-1.548306330889822,-11.946218223467891,-0.28245263733712345,0.11835968460668723,1.0709661,0.999500000000042,24.478383426100113,1.0748886095159753,-19.87151515148801,0.017121186,0.016649306,-0.6811500000000054,33.07746279993842,37.818813,6.549914313131313,10.764334,5.4,60.0,3.0,4.500000000000001,0,5.4C(60%)-3C,654.0,-63.88838171431782,-682.3655576416768,2.9024024024024024
b1,b1c15,5.4C(60%)-3C,719.0,2.8567288903828825,-4.017949103167607,-1.538433127534962,-11.013089313180444,-0.4819985506782299,0.09706840967712062,1.0611236,1.1354000000001196,27.14225355597206,1.0663114996140999,-24.880000000015585,0.017168047,0.016542939,-2.532960000000001,33.147720104395674,38.47617,7.101885414141415,10.797705666666673,5.4,60.0,3.0,4.500000000000001,0,5.4C(60%)-3C,553.0,-65.14185751382583,-895.6823676633585,2.9174174174174174
b1,b1c16,5.4C(60%)-3.6C,862.0,2.9355072658247128,-4.099413675443745,-1.5589858999371669,-12.403806163792485,-0.12294982972227239,0.0892331662589661,1.0811664,0.527200000000061,21.718914038342074,1.0853871990204074,-30.73090909091033,0.01683085,0.016328048,-0.1481900000000272,32.41716254671688,37.566532,6.011683636363636,10.11310766666668,5.4,60.0,3.6,4.800000000000001,0,5.4C(60%)-3.6C,672.0,-63.53584014461087,-850.5348899823728,2.8933933933933935
b1,b1c17,5.4C(60%)-3.6C,857.0,2.932980821923198,-3.970159451162403,-1.5076871632965057,-13.343115757399525,-0.25598794617561316,0.11082608331863986,1.072052,1.355500000000065,17.55653679653765,1.076213716623376,-13.58181818182149,0.016778639,0.016238289,0.22162999999998656,32.088753858534446,37.208405,5.922690464646465,10.146880666666664,5.4,60.0,3.6,4.800000000000001,0,5.4C(60%)-3.6C,653.0,-59.71916179486557,-758.2802666105971,2.906906906906907
b1,b1c18,5.4C(70%)-3C,691.0,2.8394780473741985,-3.650080545153841,-1.3552344300601988,-20.70238680333876,-0.05207889132502616,0.12921548092591198,1.0661705,-4.836400000000074,-47.57228818800885,1.070571505889507,-112.18606060606668,0.019886132,0.015845969,-39.945429999999995,31.831057275618022,36.084282,5.488206161616161,9.958173666666676,5.4,70.0,3.0,4.90909090909091,0,5.4C(70%)-3C,565.0,-122.9231972145691,-970.7372441244828,2.9054054054054053
b1,b1c19,5.4C(70%)-3C,788.0,2.8965262174895554,-3.6199068274368353,-1.3382564529624872,-20.106274821769738,-0.2734236630130664,0.10565144504834903,1.0851147,-1.400599999999974,-10.05240445269011,1.088908697879612,-40.676363636371065,0.016449727,0.016205151,-0.660869999999994,33.044085397077396,37.49086,6.7099044545454545,9.924738333333329,5.4,70.0,3.0,4.90909090909091,0,5.4C(70%)-3C,576.0,-87.93040563265396,-740.5524460857969,2.96996996996997
b1,b1c20,5.4C(80%)-5.4C,534.0,2.727541257028556,-3.367237410245857,-1.1966765604379692,-32.79598300714767,0.24167276572580954,0.030486791891220395,1.07263,-14.429499999999873,-142.66037847866616,1.0771788449589774,-233.11272727270838,0.015740737,0.015036267,-5.80528000000002,32.15292201754506,35.504932,4.967575141414142,9.021115000000016,5.4,80.0,5.4,5.4,0,5.4C(80%)-5.4C,414.0,-268.4947922661963,-710.0026881380654,2.9624624624624625
b1,b1c21,5.4C(80%)-5.4C,559.0,2.747411807886423,-3.3503380515995875,-1.1889597281466224,-30.657577112710634,-0.09016665223320511,0.058077511408505166,1.0824388,-9.068599999999982,-84.80994805195772,1.0866189497748922,-159.05272727273513,0.015348774,0.014894895,-2.038070000000003,33.13697371135653,37.615559,6.698940363636364,8.964706333333336,5.4,80.0,5.4,5.4,0,5.4C(80%)-5.4C,440.0,-199.63014109782628,-925.5656553909697,2.9894894894894897
b1,b1c23,6C(30%)-3.6C,1014.0,3.0060379549973173,-4.0407936433278895,-1.523552178470511,-13.340620512360239,-0.14317440365637843,0.0901189770937402,1.0792934,-0.9636000000001754,-6.9088002473781795,1.082832754873222,-20.51454545456475,0.016937815,0.016472535,-0.09143999999999125,31.99077454717494,36.165897,5.063340313131314,11.447006333333357,6.0,30.0,3.6,4.235294117647059,0,6C(30%)-3.6C,768.0,-62.89251716231127,-593.7514825108876,2.9114114114114114
b1,b1c24,6C(40%)-3C,1017.0,3.0073209529227447,-3.938662523656534,-1.4969978330235068,-13.873507013282612,-0.33886310774417266,0.10523357527501659,1.0745355,-0.07259999999997824,3.3053716759406555,1.077941865438466,-17.987878787877193,0.016687831,0.016390581,-0.0486200000000131,33.378063951824195,37.596226,6.367219929292929,12.147216,6.0,40.0,3.0,4.0,0,6C(40%)-3C,754.0,-63.74941643037731,-542.9587003308851,2.9504504504504503
b1,b1c25,6C(40%)-3C,854.0,2.931457870689005,-4.027888820540259,-1.5310448923727904,-12.406193052887389,-0.35793477555398945,0.09390973747488542,1.0752345,-0.3018999999999661,0.13612368582683307,1.0788522708233357,-32.261212121217206,0.016699277,0.016397864,-0.11263999999996943,33.848557073949294,38.670872,7.410667747474746,12.130126666666674,6.0,40.0,3.0,4.0,0,6C(40%)-3C,610.0,-66.59331619450178,-621.9416829568503,2.9264264264264264
b1,b1c26,6C(40%)-3.6C,870.0,2.9395192526186187,-3.7952199967853435,-1.4161841994934083,-17.85015712562481,-0.11706816411704128,0.10607863632421068,1.0876514,-1.6640999999999462,-13.713897340756843,1.0913622097744793,-37.86060606060321,0.016376387,0.016129743,0.12887999999999095,33.15641406115227,37.077717,6.025764070707071,10.764819666666668,6.0,40.0,3.6,4.5,0,6C(40%)-3.6C,652.0,-72.04778997273941,-722.3323686531696,2.9234234234234235
b1,b1c27,6C(40%)-3.6C,842.0,2.9253120914996495,-3.8537032000559392,-1.4457275004165389,-15.51418714665611,-0.2895185222964574,0.09230831522798551,1.0790461,-1.266699999999954,-10.30501422387137,1.082615239563801,-21.23636363634652,0.016174601,0.015953196,0.3187999999999802,33.89497000372245,38.178074,6.781285515151515,10.796985333333323,6.0,40.0,3.6,4.5,0,6C(40%)-3.6C,635.0,-68.81903501332961,-720.0425760220153,2.9534534534534536
b1,b1c28,6C(50%)-3C,860.0,2.934498451243568,-3.844711807496199,-1.4292997115162875,-16.698122755162718,-0.14263301031252343,0.09288982765149863,1.0777475,-1.2662000000001061,-7.718264687697405,1.0810879335192742,-34.56303030306502,0.016742077,0.016467512,0.6377100000000067,33.773800525042,38.303513,6.862512424242424,11.129907333333346,6.0,50.0,3.0,4.363636363636364,0,6C(50%)-3C,626.0,-68.4319208643022,-672.8906891303673,2.9354354354354353
b1,b1c29,6C(50%)-3C,917.0,2.962369335670021,-3.8382817049630766,-1.4333451217343054,-16.60052342693117,-0.13762996295439459,0.10670704440689673,1.0794537,-0.9601999999999666,-5.194195423619847,1.0830461908352909,-35.78666666666666,0.016626336,0.016308507,0.17818000000002776,32.70415601771739,36.258759,4.968329565656566,11.179535333333334,6.0,50.0,3.0,4.363636363636364,0,6C(50%)-3C,680.0,-71.05613322717112,-639.0329469728248,2.9324324324324325
b1,b1c30,6C(50%)-3.6C,709.0,2.8506462351830666,-3.744699217898308,-1.3891761023084515,-17.719122166801277,-0.28519142358197425,0.08884160447264221,1.0798637,-1.953399999999883,-16.775627705631948,1.083711975194805,-36.487272727266735,0.016072329,0.015838005,0.5842799999999926,33.54008830692456,37.483994,6.146006252525252,10.130179666666669,6.0,50.0,3.6,4.800000000000001,0,6C(50%)-3.6C,551.0,-77.6416197780105,-992.4706075523436,2.9624624624624625
b1,b1c31,6C(50%)-3.6C,876.0,2.9425041061680806,-3.777732624088043,-1.4036425857817216,-17.983588803246864,-0.11073292820710413,0.09416449332478788,1.0946392,-2.7898000000001755,-25.956333951768734,1.0984372558598228,-40.34181818183894,0.016952254,0.016684072,0.10658000000000195,30.375396745150564,31.658901,0.7000855151515153,10.11367266666668,6.0,50.0,3.6,4.800000000000001,0,6C(50%)-3.6C,668.0,-72.88098520948817,-787.336081629087,2.9354354354354353
b1,b1c32,6C(60%)-3C,731.0,2.8639173769578603,-3.6464634970703615,-1.3413563753175848,-20.730273837007353,-0.15565603118726665,0.10702220542329091,1.0778366,-1.6681999999998975,-12.752118738409141,1.081320797449598,-38.3545454545678,0.016239462,0.015933495,0.5134400000000178,33.08050304573434,37.14436,5.8582329999999985,10.096438,6.0,60.0,3.0,4.800000000000001,0,6C(60%)-3C,546.0,-80.05693430169936,-849.3348529054997,2.93993993993994
b1,b1c33,6C(60%)-3C,757.0,2.8790958795000727,-3.6670575975866413,-1.3477364305988748,-21.651569301358077,0.0648321072722398,0.09087247768630032,1.0924908,-2.425699999999864,-21.798744588745947,1.0966023359740256,-46.65151515152116,0.016591828,0.016214989,-0.17206999999998251,33.67169761442224,38.728722,7.366154545454546,10.146428666666663,6.0,60.0,3.0,4.800000000000001,0,6C(60%)-3C,558.0,-86.18953326950054,-837.9182649307145,2.9279279279279278
b1,b1c34,7C(30%)-3.6C,742.0,2.870403905279027,-3.848616157008837,-1.429245314396692,-16.080359430316875,-0.15090116468663067,0.07184525098601341,1.0766174,-0.41160000000006747,-0.14196042053097435,1.0801443258400323,-29.86606060605583,0.0169825,0.016567618,-0.28376000000000096,32.66455167507311,37.240925,6.0941950707070704,11.06793699999998,7.0,30.0,3.6,4.401746724890829,0,7C(30%)-3.6C,582.0,-71.53050183633673,-962.7818459803111,2.864864864864865
b1,b1c35,7C(30%)-3.6C,703.0,2.846955325019824,-3.7726058155960294,-1.4072456671301197,-18.223341654084003,-0.09448727078656764,0.11391803809962447,1.0707464,-0.1482999999999901,3.147491651200892,1.0743922779257882,-26.230909090947783,0.017059039,0.016647711,0.32434999999997327,32.09733437854189,36.075569,5.064507161616161,11.05119499999999,7.0,30.0,3.6,4.401746724890829,0,7C(30%)-3.6C,523.0,-68.24387752417663,-858.5269662438142,2.9234234234234235
b1,b1c36,7C(40%)-3C,704.0,2.847572659142112,-3.6695013425959444,-1.350456749794432,-21.04235085802675,-0.024120388445710256,0.1098246649296434,1.0778315,-1.3255999999999268,-7.854343846631931,1.0817225412331477,-41.446060606065274,0.016480684,0.016229769,0.8785199999999938,32.04688205693082,34.868446,3.69252602020202,11.524843333333349,7.0,40.0,3.0,4.2,0,7C(40%)-3C,523.0,-76.14068381725023,-881.9191646935,2.924924924924925
b1,b1c37,7C(40%)-3C,648.0,2.8115750058705933,-3.673938893314921,-1.351203133303817,-19.436824634916583,-0.23647587048054397,0.10166914570394679,1.0748194,-1.513400000000109,-10.34242671613623,1.078601235479694,-43.78787878788793,0.016607935,0.016318144,0.6718000000000002,32.95969887229894,36.993626,5.805415777777777,11.57439200000002,7.0,40.0,3.0,4.2,0,7C(40%)-3C,482.0,-84.06909812434024,-916.9467600133785,2.945945945945946
b1,b1c38,7C(40%)-3.6C,617.0,2.7902851640332416,-3.4330481735466756,-1.2486008121232726,-26.764193834967422,-0.06381042216810003,0.12980197215801967,1.0729513,-1.1396999999999657,-9.391267779839614,1.076279644555761,-7.636969696980942,0.016260354,0.016066672,0.889640000000004,33.69474656343401,37.995705,6.856695888888888,10.243066666666685,7.0,40.0,3.6,4.754716981132075,0,7C(40%)-3.6C,473.0,-84.83522218342894,-1085.0919151193636,2.975975975975976
b1,b1c39,7C(40%)-3.6C,625.0,2.7958800173440754,-3.5045337204530713,-1.274546135729866,-24.440041487006035,-0.152502333206465,0.10625547463390071,1.0817773,-0.8420000000000094,-3.2955460729800423,1.0858273405264889,-25.998181818193228,0.016743599,0.016519627,0.9157099999999863,33.50643317156701,38.024876,7.065298444444445,10.258443000000007,7.0,40.0,3.6,4.754716981132075,0,7C(40%)-3.6C,471.0,-84.95776498614954,-1079.625481258778,2.951951951951952
b1,b1c40,8C(15%)-3.6C,966.0,2.9849771264154934,-4.0552127051547355,-1.5361710582591273,-12.628807847703541,-0.24850466403431104,0.09394466676810058,1.0833029,-1.414699999999991,-8.20928633271664,1.0873497635019578,-41.26242424242736,0.016756468,0.016480761,0.6656899999999897,33.45968416375564,38.388569,7.478368333333332,12.071222666666685,8.0,15.0,3.6,4.013937282229966,0,8C(15%)-3.6C,692.0,-66.68411623377412,-548.4676230572355,3.0975975975975976
b1,b1c41,8C(15%)-3.6C,1051.0,3.021602716028242,-4.071513969179501,-1.5450592803081846,-12.358568562846163,-0.23135631340210783,0.09445340220309593,1.0789614,-0.5790000000001072,-0.13346196660644866,1.0828919590855492,-30.383030303056934,0.016856873,0.016552322,-0.009889999999998511,33.07332253245542,37.576675,6.582283767676769,12.087368000000005,8.0,15.0,3.6,4.013937282229966,0,8C(15%)-3.6C,799.0,-65.85233443801256,-579.6666497383324,2.936936936936937
b1,b1c42,8C(25%)-3.6C,702.0,2.846337112129805,-3.6658557852690015,-1.3495987713904598,-20.599210252813275,-0.10769408431100083,0.11933570495759903,1.0798725,-0.4897999999999847,2.1330513296135942,1.0837786951902701,-33.36060606061127,0.0167679,0.016511114,1.0331400000000017,33.58506724391689,38.397423,7.321102383838385,11.171093666666682,8.0,25.0,3.6,4.347169811320755,0,8C(25%)-3.6C,496.0,-74.28916326547447,-803.1223149625739,2.918918918918919
b1,b1c43,8C(25%)-3.6C,651.0,2.813580988568192,-3.667779071634814,-1.3506077894518453,-19.165626778476195,-0.23725353594012447,0.11481531762273132,1.0682389,-2.598499999999948,-23.99399257884801,1.0717431895811167,-40.02181818180877,0.016111452,0.015904058,1.2785400000000016,33.339782658681436,37.725166,6.5666380808080795,11.170874333333334,8.0,25.0,3.6,4.347169811320755,0,8C(25%)-3.6C,488.0,-80.36707508626728,-922.919764992433,2.9174174174174174
b1,b1c44,8C(35%)-3.6C,616.0,2.7895807121644256,-3.42070000480644,-1.2306443031102845,-29.32909290131707,0.13907984932279427,0.11034879575565992,1.0847682,-3.4876999999999825,-33.56605936920254,1.088551277108637,-50.07515151513941,0.017436398,0.017142953,1.5277100000000292,32.55333216968653,36.804283,5.8392638484848485,10.271104333333334,8.0,35.0,3.6,4.7407407407407405,0,8C(35%)-3.6C,427.0,-91.08501585093055,-890.7702366199184,2.921921921921922
b1,b1c45,8C(35%)-3.6C,599.0,2.7774268223893115,-3.425292235698853,-1.2261878935345303,-28.86609052113574,0.11519776583282074,0.10734308804132892,1.0839558,-1.6899999999999693,-12.910383426096741,1.0878168285446295,-38.96969696969784,0.016685704,0.016382927,1.5038399999999994,33.0005473910965,37.855122,6.783880999999998,10.254465333333325,8.0,35.0,3.6,4.7407407407407405,0,8C(35%)-3.6C,430.0,-90.20064911341107,-992.5756803242016,2.945945945945946
b2,b2c0,5.2C(58%)-4C,477.0,2.678518379040114,-3.4872647963011447,-1.2591537148635152,-25.801000173386008,-0.031432251250035875,0.094320629032824,1.1020051,0.32279999999995646,16.48855905998082,1.1043286329828899,-142.9745454545562,0.017402707,0.017083954,0.696420000000017,31.808470926230026,36.404427,5.542153755310657,10.173733999999968,5.2,58.0,4.0,4.803695150115474,0,5.2C(58%)-4C,367.0,-95.74864832450382,-1686.0784199719196,2.9084084084084085
b2,b2c1,5.6C(26%)-4.5C,491.0,2.6910814921229687,-3.2980513654760366,-1.179701833116379,-35.59500763968319,0.31749677338171994,0.06412230573454386,1.1057826,-4.511500000000002,-31.011880024736396,1.1066171412347965,-299.9624242424584,0.01817438,0.017313389,-6.942100000000007,33.60099815475848,37.4468,5.845804611447404,10.192646000000046,5.6,26.0,4.5,4.8068669527897,0,5.6C(26%)-4.5C,355.0,-167.24564496698008,-1141.808217045942,2.9534534534534536
b2,b2c2,5.2C(50%)-4.25C,424.0,2.6273658565927325,-3.4602483651128177,-1.2780425690871609,-25.013386420214044,-0.15525372627721698,0.147291383590184,1.0742784,-0.7641000000000453,-8.281894867040684,1.076122781688724,59.64969696965729,0.016669566,0.016255558,-0.9869800000000123,33.17566129490617,38.33985803206289,6.650343736073832,10.175071333333326,5.2,50.0,4.25,4.797829036635007,0,5.2C(50%)-4.25C,335.0,-116.70723567518219,-1555.717947977118,3.141141141141141
b2,b2c3,4.65C(44%)-5C,499.0,2.6981005456233897,-3.496242996974693,-1.2528333571271697,-20.089882918698702,-0.6865232340714085,-0.08976975353079357,1.0959566,1.0370000000001767,77.94594805194875,1.0974160960432893,-267.1763636363663,0.016083341,0.015764765,-0.35558000000001505,33.93805810095692,39.422000644443116,7.948600186547967,10.173250333333367,4.65,44.0,5.0,4.80123902942695,0,4.65C(44%)-5C,380.0,-143.01487904022446,-1376.881498124868,3.0870870870870872
b2,b2c4,4.65C(69%)-6C,444.0,2.6473829701146196,-3.232506812226559,-1.1530619303379335,-34.781796484889085,-0.010537387163738159,0.11472846002741761,1.0892873,-7.988499999999954,-68.3466035868959,1.0894634687021232,-95.10969696968975,0.017068394,0.01593901,-9.035920000000017,33.04820861652687,38.209395652763355,7.024409124755471,10.222283666666627,4.65,69.0,6.0,4.798452112221864,0,4.65C(69%)-6C,318.0,-156.60362319667522,-1153.621195924727,3.0615615615615615
b2,b2c5,3.6C(30%)-6C,416.0,2.6190933306267428,-3.085881724279185,-1.064744574647862,-46.48540460048997,0.3621745651001111,0.0160141705235191,1.0985123,-20.36199999999999,-196.24375262832845,1.0990845839092969,-180.36787878791085,0.016014345,0.015142022,-7.167039999999986,33.01307013030371,38.388368590154755,7.149189426754791,10.178295333333276,3.6,30.0,6.0,4.800000000000001,0,3.6C(30%)-6C,247.0,-227.0912808754026,-866.8079272842754,2.960960960960961
b2,b2c6,3.6C(9%)-5C,393.0,2.5943925503754266,-3.53003968650195,-1.3021390444128946,-20.82479246051704,-0.4209131664445041,0.0846731421948209,1.087554,0.06349999999999412,61.68569202226343,1.0898773731412077,-198.98848484849455,0.016595399,0.015897563,-5.260630000000003,33.81904518975318,40.4669448483313,9.30671696200426,10.179130999999906,3.6,9.0,5.0,4.790419161676647,0,3.6C(9%)-5C,272.0,-119.60795971900042,-1360.734596640682,2.987987987987988
b2,b2c7,4.8C(80%)-4.8C-newstructure,777.0,2.890421018800914,-4.231670089905405,-1.6627808166712075,-8.823099834708447,-0.3734551470125933,0.12275235237854887,1.0904776,4.7943999999999765,51.44118491032902,1.090408623811997,51.7381818181649,0.014809063,0.014716571,0.13403999999999847,33.769687089746824,37.918381,6.410222257092539,10.037040333333376,4.8,80.0,4.8,4.8,1,4.8C(80%)-4.8C,589.0,-89.37562597307351,-780.5232567589196,2.9624624624624625
b2,b2c8,5.2C(58%)-4C-newstructure,904.0,2.9561684304753633,-4.10242248030074,-1.5553134390398822,-11.203415580045945,-0.445425506544742,-0.02180535318108043,1.0906329,-1.2952999999999992,-22.439341991341003,1.092491834724386,81.7545454545393,0.016484642,0.016342103,0.30228999999999673,33.59868374090274,36.451335340457405,4.061664319632016,10.04007933333327,5.2,58.0,4.0,4.803695150115474,1,5.2C(58%)-4C,698.0,-35.12554642873508,-878.9412180028353,2.9864864864864864
b2,b2c9,5.6C(26%)-4.5C-newstructure,791.0,2.8981764834976764,-4.344425682662564,-1.7043416016868917,-7.446960333569008,-0.05218956896191872,-0.1168604051322651,1.0949715,-0.40749999999989406,-31.68200618428741,1.099168692416408,184.85575757573577,0.015408114,0.015197206,-0.530019999999999,32.3508526526095,35.00847845562602,2.217616454400815,10.040580999999946,5.6,26.0,4.5,4.8068669527897,1,5.6C(26%)-4.5C,613.0,-51.00959591671349,-941.8327928985426,2.8873873873873874
b2,b2c10,4.8C(80%)-4.8C,492.0,2.69196510276736,-3.4509001132975605,-1.2533467340698548,-29.52029629956943,0.26320531782167483,0.09475166057899823,1.1092782,5.564699999999867,47.848107606684636,1.1098420303504424,123.2157575757417,0.017335583,0.016884135,-3.0304700000000073,31.720791269063756,35.078796,4.3919271792068635,10.17126966666663,4.8,80.0,4.8,4.8,0,4.8C(80%)-4.8C,346.0,-78.64746585619845,-1316.0036673114273,2.90990990990991
b2,b2c11,5.2C(50%)-4.25C,449.0,2.6522463410033232,-3.485393220979881,-1.2604374969231171,-24.012633467613774,-0.22207913813040978,0.09347664298105968,1.0959171,11.167099999999985,107.40009152752938,1.0969467226048226,116.99151515150231,0.017361749,0.016784718,0.15793000000000057,33.146477466034135,39.423817,7.314641646709912,10.17367599999993,5.2,50.0,4.25,4.797829036635007,0,5.2C(50%)-4.25C,343.0,-37.80871454987414,-1860.8448652011205,2.972972972972973
b2,b2c12,4.65C(44%)-5C,466.0,2.66838591669,-3.1679683681509765,-1.1116450065224746,-39.39759227215439,0.11788308293031868,0.09369265961926389,1.1016457,3.8705999999999463,31.035751391467645,1.1026196595073172,-25.241818181855564,0.017251369,0.016159201,-10.207299999999975,31.314676947956993,35.747711,3.5744826520756208,10.174669333333393,4.65,44.0,5.0,4.80123902942695,0,4.65C(44%)-5C,308.0,-130.29987923486755,-1090.2874038989726,2.96996996996997
b2,b2c13,4.65C(69%)-6C,460.0,2.662757831681574,-3.3444477218838284,-1.1892669979927646,-34.0700221226121,0.3347822660087096,0.03981223261904026,1.0954365,-1.2384999999999202,-10.930183055042793,1.095525794891362,-4.2351515151421015,0.016970724,0.015610993,-10.935590000000008,31.946988973926523,36.19238897679291,4.944472821503138,10.207829000000007,4.65,69.0,6.0,4.798452112221864,0,4.65C(69%)-6C,336.0,-113.82984578644376,-1342.8045503533037,2.90990990990991
b2,b2c14,3.6C(30%)-6C,426.0,2.629409599102719,-3.118519966248836,-1.0771996484774,-44.55576451036339,0.2888281892798498,0.036850007390633224,1.083961,-6.0299000000001435,-101.63478787878847,1.0843978479191916,84.11454545454048,0.017186515,0.015952863,-8.78801999999998,32.123877001585356,36.56760277779107,4.8211612976239895,10.207831333333306,3.6,30.0,6.0,4.800000000000001,0,3.6C(30%)-6C,324.0,-202.01409792856762,-1338.9882557220055,2.9744744744744747
b2,b2c15,3.6C(9%)-5C,396.0,2.597695185925512,-3.516251926776714,-1.292986448721867,-24.135288352654264,-0.0718770287420776,0.14404276912840816,1.0696555,6.39220000000007,93.63212863327529,1.070275025076066,-19.869090909108987,0.017212247,0.016145013,-9.618189999999991,32.862747677246595,36.649116879455384,4.836844941818096,10.174112999999924,3.6,9.0,5.0,4.790419161676647,0,3.6C(9%)-5C,276.0,-126.73892344152523,-1196.980854084812,2.951951951951952
b2,b2c16,4.8C(80%)-4.8C,472.0,2.673941998634088,-3.494880991874622,-1.2736447676142502,-26.244652410942606,0.07215880401275236,0.11289303463713198,1.0945363,-1.5293000000000667,-13.010549165119983,1.0976998804316629,-164.16303030306233,0.017776627,0.017414019,-2.7920500000000112,32.7673986704417,37.601054318286856,6.483649480345254,10.171980333333341,4.8,80.0,4.8,4.8,0,4.8C(80%)-4.8C,339.0,-150.90247418924253,-1152.9684669883666,2.9204204204204203
b2,b2c17,5.6C(26%)-4.5C,471.0,2.673020907128896,-3.5003441284740386,-1.2793248413972615,-24.346340387445995,-0.17158376385561103,0.10861737847095478,1.0917177,1.0814999999999575,38.16326283240199,1.0918122937975665,-176.93151515153303,0.017503092,0.016950201,-4.2510400000000255,32.988612809790894,35.36969,3.8698594975427416,10.176372333333273,5.6,26.0,4.5,4.8068669527897,0,5.6C(26%)-4.5C,303.0,-135.89294079338157,-908.3397434985839,2.9804804804804803
b2,b2c18,5.2C(50%)-4.25C,449.0,2.6522463410033232,-3.707302736176298,-1.4007101874245018,-16.640891110932497,-0.27357934756349894,0.1602923920962248,1.0754716,7.810800000000118,111.17627952999334,1.0767631784308387,-50.716363636376755,0.01680507,0.016488669,-0.4021899999999759,32.88627829858526,36.964727535985794,5.724264376041726,10.175029666666669,5.2,50.0,4.25,4.797829036635007,0,5.2C(50%)-4.25C,349.0,-113.27057284770903,-1483.631434944669,2.966966966966967
b2,b2c19,6C(60%)-3C,392.0,2.593286067020457,-3.291958004542694,-1.182753687174254,-34.30820779792184,0.1562128994224085,0.10790126209915865,1.0902406,1.6564999999999497,22.878912801477533,1.0937194966592456,-336.196363636388,0.016772689,0.016542695,0.625240000000013,32.770067410122046,37.29125540144077,6.058235813068135,10.175535333333391,6.0,60.0,3.0,4.800000000000001,0,6C(60%)-3C,293.0,-103.69881674612775,-1691.258632163217,2.9414414414414414
b2,b2c20,5.2C(58%)-4C,489.0,2.6893088591236203,-3.4413054314104006,-1.218215280679908,-24.43513945158844,-0.4394032649068832,-0.01832994255062636,1.0973581,4.382200000000003,29.779871366727107,1.0985253467623164,102.81212121212354,0.016656091,0.016160993,1.909399999999971,33.61911118506716,37.85651,5.459265547420482,10.172872000000012,5.2,58.0,4.0,4.803695150115474,0,5.2C(58%)-4C,384.0,-17.69431562432322,-1881.9334885255807,3.0075075075075075
b2,b2c21,6C(60%)-3C,408.0,2.61066016308988,-3.326679075199306,-1.1906586183672832,-33.28855261100499,0.19578991036583723,0.09730752963153076,1.0982407,0.5797999999999082,31.962985776131145,1.1005215119678406,-340.8490909090967,0.017283741,0.017071372,1.2853800000000095,33.60118814118363,39.554886,8.030298048149408,10.174583999999935,6.0,60.0,3.0,4.800000000000001,0,6C(60%)-3C,293.0,-91.510694817117,-1573.3915159343444,2.9624624624624625
b2,b2c24,4.8C(80%)-4.8C,514.0,2.710963118995276,-3.6408852680750527,-1.3397990424498685,-22.77147977476359,0.1473921115244357,0.09584556005341445,1.0919416,5.305800000000138,41.54414347557051,1.094102698177695,268.8527272727058,0.016653664,0.016424084,-1.4084899999999845,33.206377241160645,39.222355,7.9122512545814505,10.170490666666689,4.8,80.0,4.8,4.8,0,4.8C(80%)-4.8C,383.0,-79.69033203654307,-1335.553291365125,2.9204204204204203
b2,b2c25,5.2C(58%)-4C,493.0,2.69284691927723,-3.5344779300217333,-1.2966358308501311,-23.610982444417374,-0.06298627046564019,0.13157522822153278,1.0985878,6.557200000000041,39.27544217686864,1.1002267544691815,240.87878787875783,0.016827697,0.016576298,0.23801000000000377,32.23848796399698,35.15638,3.819557538343703,10.172881333333304,5.2,58.0,4.0,4.803695150115474,0,5.2C(58%)-4C,388.0,-38.924163376487556,-1811.5224075874753,2.9144144144144146
b2,b2c26,5.6C(26%)-4.5C,450.0,2.6532125137753435,-3.2220536077932804,-1.1348440130946638,-38.038541654000284,0.23025820257688392,0.07471090003414717,1.1043522,0.40639999999991794,-10.639778602351674,1.1047604792137695,147.36484848483443,0.018412031,0.017513856,-8.29171,33.75843376995604,38.98082610957073,6.300605548845344,10.192329666666629,5.6,26.0,4.5,4.8068669527897,0,5.6C(26%)-4.5C,325.0,-171.80773676874665,-1270.9066137532811,2.9594594594594597
b2,b2c27,5.2C(50%)-4.25C,474.0,2.6757783416740852,-3.48620363289781,-1.2636731692411862,-24.68392780224258,-0.13920205356096377,0.1320411432583102,1.0925682,7.933200000000085,85.07017068646267,1.094236931396,111.96727272727445,0.017678261,0.017410973,1.2275900000000006,33.30411096115286,39.292397,7.570415969038385,10.174448333333178,5.2,50.0,4.25,4.797829036635007,0,5.2C(50%)-4.25C,366.0,-39.101782800014874,-1775.6450307663783,3.1426426426426426
b2,b2c28,4.8C(80%)-4.8C,437.0,2.640481436970422,-3.4234111691232063,-1.2480177638242413,-27.98933259266237,0.045824708309599636,0.1433837301455278,1.0897655,4.938099999999945,58.05840692640329,1.0921443202366519,-2.722424242439584,0.016827082,0.016122971,-6.546150000000008,32.143914131113334,35.97005389341205,5.0640280732575365,10.17431633333336,4.8,80.0,4.8,4.8,0,4.8C(80%)-4.8C,314.0,-125.99584061988419,-1340.1680958615268,2.9264264264264264
b2,b2c29,5.2C(58%)-4C,452.0,2.655138434811382,-3.5082481790944344,-1.2787375057821846,-25.32223237657199,0.019297258658327834,0.12786194853599653,1.1028264,10.57930000000007,119.06426221397601,1.103997561010925,14.862424242427409,0.016795976,0.016617509,1.1061700000000037,31.797490897448796,35.143738,4.2202841256759225,10.173121999999905,5.2,58.0,4.0,4.803695150115474,0,5.2C(58%)-4C,341.0,-42.11513730213052,-1809.2336382700646,2.9144144144144146
b2,b2c30,5.6C(26%)-4.5C,412.0,2.6148972160331345,-3.1854095592748743,-1.121920556930394,-39.65588948997046,0.2511504561933174,0.0796358114037447,1.0946374,-4.757699999999865,-80.92916388374368,1.0971767550348386,118.06000000001632,0.017830005,0.01667887,-10.62254999999998,33.81182141567536,38.2883066025032,6.976971809732708,10.223914333333378,5.6,26.0,4.5,4.8068669527897,0,5.6C(26%)-4.5C,306.0,-160.64871650193209,-1356.7397180587402,2.945945945945946
b2,b2c31,5.6C(26%)-4.5C,425.0,2.6283889300503116,-3.35235883148731,-1.1922699648528527,-30.624456764042954,0.059274288659576735,0.0679903814354,1.0989966,2.0725000000001437,39.5702820037045,1.0979210560218513,-37.72060606060862,0.016888967,0.015888851,-6.819260000000028,33.3758501254003,37.238895,4.605339342698974,10.177968666666759,5.6,26.0,4.5,4.8068669527897,0,5.6C(26%)-4.5C,302.0,-168.9344977833083,-1236.9401106844991,2.984984984984985
b2,b2c32,4.8C(80%)-4.8C-newstructure,809.0,2.9079485216122722,-4.131466155166347,-1.5612803858741024,-13.389939833647102,0.20779582306363237,-0.0122985171868393,1.0879874,-2.887499999999932,-55.92794928881791,1.0928882284440324,49.96606060600282,0.014826416,0.014739397,-0.5889600000000099,32.16894887045923,34.753593,3.4093355590465944,10.041900666666674,4.8,80.0,4.8,4.8,1,4.8C(80%)-4.8C,604.0,-84.60224612285315,-698.8853925809985,2.8723723723723724
b2,b2c33,5.2C(58%)-4C-newstructure,1140.0,3.0569048513364727,-4.23162831933775,-1.6182579991073993,-11.579541007786181,0.28592044638203534,-0.010483824641970157,1.0732747,-5.766399999999949,-83.3554248608563,1.0762505236376003,39.705454545441214,0.015095364,0.014933125,-0.8753799999999985,32.74157143407892,35.019115,3.2745084337968837,10.03920333333323,5.2,58.0,4.0,4.803695150115474,1,5.2C(58%)-4C,904.0,-56.561099763913994,-584.0978704393136,2.8903903903903903
b2,b2c34,5.6C(26%)-4.5C-newstructure,1186.0,3.074084689028244,-4.448585173324752,-1.7179911430787784,-8.120054579074074,-0.1522681413461274,-0.05187905160124036,1.0671737,-4.2455999999999605,-53.6554743351897,1.069902034241599,18.283030303007195,0.015062638,0.014872484,-1.1882799999999965,35.66789148456313,39.697674,7.140997856981302,10.040011000000039,5.6,26.0,4.5,4.8068669527897,1,5.6C(26%)-4.5C,941.0,-59.23241926649776,-528.3091382342211,2.9384384384384385
b2,b2c41,5.6C(26%)-4.5C,442.0,2.645422269349092,-3.1723658101769976,-1.0918848290836711,-37.76829149570128,-0.04398711658406335,0.059963704952834034,1.1049188,3.3489999999998243,25.91102164501735,1.104722285370851,20.361212121179065,,,,30.193787010451164,34.98487001858617,3.80138350469519,10.177705666666686,5.6,26.0,4.5,4.8068669527897,0,5.6C(26%)-4.5C,318.0,-128.1407104542125,-1406.4250172657453,3.129129129129129
b2,b2c42,5.2C(50%)-4.25C,474.0,2.6757783416740852,-3.482587648007536,-1.2662602060364871,-29.340714926368477,0.35173145970026903,0.0681150274899125,1.1017395,9.217699999999995,87.55117006803081,1.102781261033601,140.13393939392418,,,,31.709620029469267,36.76044310987061,5.889389109603707,10.174918666666732,5.2,50.0,4.25,4.797829036635007,0,5.2C(50%)-4.25C,339.0,-39.529127651622645,-1490.677571442203,2.90990990990991
b2,b2c43,4.8C(80%)-4.8C-newstructure,1029.0,3.012415374762433,-4.271781928623568,-1.7174947542893648,-7.77834835139346,0.37364081219777295,-0.10574899716963033,1.0974334,-4.273999999999889,-72.60840568954866,1.1024398579830959,103.60363636362361,,,,33.92914533704784,38.4212899272313,6.114592218264918,10.0362016666667,4.8,80.0,4.8,4.8,1,4.8C(80%)-4.8C,810.0,-47.69032929489851,-770.8156715653414,2.861861861861862
b2,b2c44,5.2C(58%)-4C-newstructure,841.0,2.924795995797912,-4.36452348032534,-1.6924552378239504,-8.750572617170912,-0.2315999303131427,0.044097781349740885,1.09659,-1.0470999999998565,-24.999064935064656,1.0989557058470412,41.070303030284286,,,,33.95995836968299,37.579971,5.8822487106517345,10.040366333333369,5.2,58.0,4.0,4.803695150115474,1,5.2C(58%)-4C,692.0,-42.36288841825723,-1236.1373199519971,2.9084084084084085
b2,b2c45,5.6C(26%)-4.5C-newstructure,997.0,2.998695158311656,-4.175214949171005,-1.5739701648315778,-11.157666285585535,-0.3301158834164389,-0.03129657840490951,1.10237,-4.056400000000071,-58.75202597402458,1.1049878997893214,33.611515151486294,,,,35.271412144027664,38.42024558425599,5.328916936218611,10.040267666666622,5.6,26.0,4.5,4.8068669527897,1,5.6C(26%)-4.5C,744.0,-39.44688435884939,-706.5475845133982,2.9864864864864864
b2,b2c46,4.8C(80%)-4.8C,503.0,2.7015679850559273,-3.5088751328187002,-1.2768530822548958,-22.834298631913228,-0.13392314074865622,0.08042299262721925,1.0994728,-1.2708000000001274,20.244277056285615,1.1014801752034626,-200.46909090911277,,,,29.88150861827619,31.867259462197975,2.368454690063961,10.169781000000075,4.8,80.0,4.8,4.8,0,4.8C(80%)-4.8C,384.0,-139.78535361814733,-1398.9150744496176,2.9594594594594597
b3,b3c0,5C(67%)-4C-newstructure,1009.0,3.0038911662369103,-4.245114870317645,-1.6324268476284225,-10.10217739369119,-0.19512162119318677,0.0688845462203458,1.0674551,-0.9448000000000789,-5.373688311685019,1.0706599742655118,-43.18121212123218,0.015398955,0.015180224,-1.2841200000000135,32.194853230782606,33.974361,2.704418802423245,10.044530999999989,5.0,67.0,4.0,4.804804804804805,1,5C(67%)-4C,842.0,-62.16241965742111,-786.5940082142059,2.873873873873874
b3,b3c1,5.3C(54%)-4C-newstructure,1063.0,3.0265332645232967,-4.28554271039912,-1.6512245320053403,-9.621018929360837,-0.2863695436051661,0.05076408049353483,1.0650603,-1.7698000000001546,-14.687249226970012,1.0684699113267369,-65.29454545457084,0.015162034,0.014931546,-1.0282300000000015,34.83231929224147,38.707848,6.410613729032,10.041138666666567,5.3,54.0,4.0,4.7936687394007915,1,5.3C(54%)-4C,868.0,-58.317195526882514,-698.8242378578714,2.903903903903904
b3,b3c2,5.6C(19%)-4.6C-newstructure,1267.0,3.1027766148834415,-4.77938058992098,-2.063082393578989,-2.6131423354832517,1.2545433007788651,0.29467419700879516,1.060818,-2.0469000000000737,-20.26705132963176,1.0631092024460937,-52.32424242422928,0.01489381,0.014437579,-4.166900000000008,36.79033178065713,41.645876083931206,8.162471234584665,10.044049666666687,5.6,19.0,4.6,4.803729603729604,1,5.6C(19%)-4.6C,987.0,-52.45803028583124,-474.85446954316046,3.159159159159159
b3,b3c3,5.6C(36%)-4.3C-newstructure,1115.0,3.0472748673841794,-4.116607770381197,-1.5712722684801177,-10.705414352713174,-0.4795495922194519,0.008770857302452757,1.0628892,-1.4008000000000909,-12.5500717377886,1.0652911304263035,-58.373939393955666,0.015006617,0.014885032,0.560549999999993,36.08374244976545,40.076626,7.270221076340922,10.042065333333351,5.6,36.0,4.3,4.8015952143569285,1,5.6C(36%)-4.3C,905.0,-56.21967477643213,-632.6126053004111,2.93993993993994
b3,b3c4,5.6C(19%)-4.6C-newstructure,1048.0,3.0203612826477078,-4.178465673149821,-1.6053684086049191,-10.10643886890673,-0.4358594530739961,0.044585785656684716,1.0724765,-0.7243999999999584,-5.21987136673268,1.0748037639447536,-27.4951515151565,0.015246842,0.015085269,-0.6733400000000049,32.11715379681872,33.39357830787951,1.8071563263541333,10.045031333333366,5.6,19.0,4.6,4.803729603729604,1,5.6C(19%)-4.6C,817.0,-62.54847256864604,-612.940418135089,2.9834834834834836
b3,b3c5,5.6C(36%)-4.3C-newstructure,828.0,2.9180303367848803,-4.114423974726586,-1.594395867927963,-11.445765437692483,-0.16298210025008256,0.10881165516274117,1.0514506,-1.7546000000001616,-15.933948051946167,1.0539662444819624,-63.04121212125594,0.015374157,0.015130546,-1.6723399999999875,35.56013985266867,40.19554382518285,7.433703850777719,10.041910000000012,5.6,36.0,4.3,4.8015952143569285,1,5.6C(36%)-4.3C,680.0,-81.83329217639658,-766.0858229527975,2.8843843843843846
b3,b3c6,3.7C(31%)-5.9C-newstructure,667.0,2.824125833916549,-3.5257081929454923,-1.2740749260804134,-28.517561100453783,0.48315863084518784,-0.06194163370339561,1.0626124,-18.67390000000002,-202.34894619665346,1.064078608377241,-243.28727272730075,0.013527169,0.013527169,3.2014799999999926,34.1072055276095,37.461433,5.568851815731026,10.06247166666663,3.7,31.0,5.9,4.795167490389896,1,3.7C(31%)-5.9C,465.0,-209.4293731229672,-395.67875650523746,2.9294294294294296
b3,b3c7,4.8C(80%)-4.8C-newstructure,1836.0,3.2638726768652235,-4.488742187967907,-1.768045874915885,-7.037779014879844,-0.34078293270641924,0.07945768938273082,1.0675218,-0.6515000000000271,-2.5715089672194678,1.0703910964522771,-12.175151515170807,0.015535541,0.015372629,-0.35402999999999823,32.79694473003086,34.60008198094648,3.026782992725108,11.041577333333311,4.8,80.0,4.8,4.8,1,4.8C(80%)-4.8C,1424.0,-41.32747500748883,-308.41334243818915,2.8933933933933935
b3,b3c8,5C(67%)-4C-newstructure,828.0,2.9180303367848803,-4.091803757442373,-1.5710723604574097,-11.806368426415048,-0.21507198874661293,0.10692266604814263,1.0647362,-0.9093000000000018,-3.495452071739865,1.068185311490002,-38.980606060609226,0.015438134,0.01520093,-1.7268099999999917,33.05552416009523,35.5458971642776,3.8183788299505887,10.044950000000002,5.0,67.0,4.0,4.804804804804805,1,5C(67%)-4C,686.0,-71.34899106729603,-918.6311063494493,2.9129129129129128
b3,b3c9,5.3C(54%)-4C-newstructure,1039.0,3.016615547557177,-3.982296953008088,-1.5290712116059078,-14.47801181075607,-0.05584860799805731,0.1294373221088438,1.0694826,-0.35530000000005835,0.6098998144762756,1.0728273819781475,-6.720000000022783,0.015903223,0.015742281,-0.29396000000000977,33.08832983925303,35.6854391223452,3.792272169682375,10.041749333333332,5.3,54.0,4.0,4.7936687394007915,1,5.3C(54%)-4C,845.0,-53.640121421336175,-733.9816311916276,2.96996996996997
b3,b3c10,4.8C(80%)-4.8C-newstructure,1078.0,3.03261876085072,-4.4113559240265765,-1.7191252386508329,-8.335183582489895,-0.2449564866670881,0.07623082221603884,1.0617746,-0.6528999999999563,-2.466477427336261,1.0645681570154604,-46.42606060605875,0.015551002,0.015318613,-1.4386399999999875,32.5348014795901,35.20887742320281,4.1045347037199615,11.045003333333321,4.8,80.0,4.8,4.8,1,4.8C(80%)-4.8C,874.0,-55.35013514736953,-684.0034087327103,2.8828828828828827
b3,b3c11,5.6C(19%)-4.6C-newstructure,817.0,2.9122220565324155,-3.884921164468091,-1.4674064416533914,-15.620691175653464,-0.14019258288482342,0.10229864047361349,1.0680679,-2.2026000000001655,-17.986726035874558,1.0707467311086374,-39.87090909091309,0.015608084,0.015485173,-0.4955999999999884,34.20373702283128,38.22832463770115,6.239520516012194,10.042218333333295,5.6,19.0,4.6,4.803729603729604,1,5.6C(19%)-4.6C,642.0,-84.80344494554464,-739.8489014330503,2.9864864864864864
b3,b3c12,5.6C(36%)-4.3C-newstructure,932.0,2.9694159123539814,-3.9467899768101886,-1.4984625676823458,-15.314893063619511,0.009007907579175856,0.10835219537294209,1.0741653,-0.9596000000000604,-7.169057513913706,1.0767059643574515,-24.455151515130446,0.016139418,0.01599754,-0.40385999999999894,33.2205731520236,36.11585579982815,4.314540128172108,10.04249166666661,5.6,36.0,4.3,4.8015952143569285,1,5.6C(36%)-4.3C,755.0,-61.59830850704096,-811.8878730674679,2.903903903903904
b3,b3c13,5.6C(19%)-4.6C-newstructure,816.0,2.9116901587538613,-4.094466485311571,-1.5583663773653675,-11.76548019743392,-0.25826873554691865,0.0784346606013964,1.065558,-1.6103999999999008,-12.152238713678498,1.0693436308410638,-50.149090909088606,0.015250437,0.01506449,-1.4514099999999968,34.11768528185422,37.80334001741199,5.909778088270107,10.042319666666685,5.6,19.0,4.6,4.803729603729604,1,5.6C(19%)-4.6C,629.0,-85.09373743302345,-672.9806279109873,2.891891891891892
b3,b3c14,5.6C(36%)-4.3C-newstructure,858.0,2.9334872878487053,-3.999667694941731,-1.533393919034542,-13.203557332650977,-0.19204286282934238,0.12052024069099274,1.0727056,0.109600000000043,4.440836116262074,1.0767955193782723,-13.774545454562997,0.015668793,0.015496999,-0.7740999999999998,33.11953606667905,36.101499457512425,4.415884793583803,10.041712000000018,5.6,36.0,4.3,4.8015952143569285,1,5.6C(36%)-4.3C,668.0,-69.190045408103,-727.8322169647503,2.933933933933934
b3,b3c15,5.9C(15%)-4.6C-newstructure,876.0,2.9425041061680806,-4.000684421929468,-1.530408515674226,-13.340330831580072,-0.15382378764959165,0.10865481008498468,1.0684187,-1.6334999999998434,-11.479632653063423,1.0711460339925785,-52.138181818177074,0.015417448,0.01525728,-0.9027200000000062,33.51055049283859,37.344582,5.9311677279067165,10.041533666666655,5.9,15.0,4.6,4.798232044198895,1,5.9C(15%)-4.6C,671.0,-77.1615525057243,-629.2018168433378,2.8993993993993996
b3,b3c16,4.8C(80%)-4.8C-newstructure,1638.0,3.2143138974244,-4.694513499472995,-1.8712132821312482,-5.323302354980101,-0.05327197818466717,-0.051277740251902675,1.061009,-1.0951000000001265,-8.524476190483549,1.0639881654574315,-65.90787878789456,0.015453937,0.015253145,-1.2093599999999858,34.94134876933804,38.21816186151848,5.850534237329697,11.04336633333335,4.8,80.0,4.8,4.8,1,4.8C(80%)-4.8C,1298.0,-46.50109875019885,-364.5828664582388,2.87987987987988
b3,b3c17,5.3C(54%)-4C-newstructure,1315.0,3.1189257528257768,-4.439713079764758,-1.7475744000986955,-7.236216829825155,0.016698005314836766,-0.08871394099424047,1.0664514,-2.462699999999929,-8.503658627085528,1.0675602926505872,-23.355151515187924,0.015524552,0.01535425,-1.6227499999999992,35.07228784758459,38.138309,4.945926806362601,10.041974333333346,5.3,54.0,4.0,4.7936687394007915,1,5.3C(54%)-4C,1026.0,-52.13217838215695,-460.00982575667257,2.9114114114114114
b3,b3c18,5.6C(19%)-4.6C-newstructure,1146.0,3.059184617631371,-4.254052001185467,-1.6297503059145464,-10.342257243667845,-0.2289617001770088,0.02412568647895329,1.0680237,-2.965999999999802,-28.662964749536528,1.0703503435254582,-64.92787878788683,0.015098186,0.014978203,-0.37439999999999696,35.2914180269327,38.518787,5.575883482398758,10.043129666666696,5.6,19.0,4.6,4.803729603729604,1,5.6C(19%)-4.6C,905.0,-60.90833290362613,-567.463748173931,2.9129129129129128
b3,b3c19,5.6C(36%)-4.3C-newstructure,1155.0,3.062581984228163,-4.171941874669042,-1.5969883629889903,-11.545479663150093,-0.12087812859596625,0.04605859136730031,1.0719248,-2.9391000000000833,-29.676404452692925,1.074234851172541,-73.88909090910892,0.015555796,0.015178323,-0.42490000000000927,35.09835953689969,38.401493,5.755193455242254,10.043436999999928,5.6,36.0,4.3,4.8015952143569285,1,5.6C(36%)-4.3C,907.0,-59.91052456399017,-564.7467679625383,2.906906906906907
b3,b3c20,5C(67%)-4C-newstructure,813.0,2.910090545594068,-4.066344693269561,-1.55172674423117,-11.919383387319954,-0.33953004746091525,0.07291148746620203,1.0650502,-1.0788999999999938,-7.197202226349204,1.067813629030715,-40.36242424241633,0.015409848,0.015206913,-0.7635700000000085,33.10212248197412,36.232254,4.887111122479565,10.04332966666664,5.0,67.0,4.0,4.804804804804805,1,5C(67%)-4C,677.0,-69.22864706765812,-1009.1945360908351,2.975975975975976
b3,b3c21,3.7C(31%)-5.9C-newstructure,772.0,2.887617300335736,-3.704326685729231,-1.363751396832805,-23.53870422305198,0.506139744381752,-0.07258468684747522,1.0678563,-14.736199999999977,-159.6387384044552,1.0701251554566065,-192.49454545455242,0.013943589,0.01394002,2.33937,34.900399416468076,38.317612,5.8600918597217335,10.067868000000017,3.7,31.0,5.9,4.795167490389896,1,3.7C(31%)-5.9C,600.0,-154.63651951753698,-474.7457607959923,2.9684684684684686
b3,b3c22,5.9C(60%)-3.1C-newstructure,1002.0,3.0008677215312267,-4.046822397094466,-1.5465390127724639,-13.722550516362944,0.05292211155889781,0.10345259579968995,1.0562643,-1.5982999999999414,-16.023499072362164,1.0589705570385484,-49.98242424245,0.015852775,0.015614755,-1.229830000000001,34.61069656408486,37.97354076473168,5.892128881757195,10.043384333333282,5.9,60.0,3.1,4.813157894736842,1,5.9C(60%)-3.1C,868.0,-56.30854392787874,-887.7357660070566,2.8753753753753752
b3,b3c24,5C(67%)-4C-newstructure,825.0,2.916453948549925,-4.155254994876533,-1.6060319403400782,-10.345482795288031,-0.3357488064002481,0.10100849267505484,1.0462732,0.12279999999997848,9.965923314791059,1.0499452884159957,-51.11575757578021,0.015751192,0.01550305,-1.5055900000000149,34.68760501613314,37.871063,5.1468647384346315,10.042240333333272,5.0,67.0,4.0,4.804804804804805,1,5C(67%)-4C,682.0,-71.62720399780609,-797.9381984388856,2.8828828828828827
b3,b3c25,5.3C(54%)-4C-newstructure,989.0,2.9951962915971793,-4.1465607447332715,-1.5755063124244277,-10.925821646167616,-0.36635097992559806,0.030735094152098946,1.0611302,0.20759999999997447,7.445048855906983,1.0644624489729948,-46.8412121212132,0.015752004,0.015591009,-0.4924599999999932,35.58186389191699,39.595110804534556,6.650086357813377,10.041598333333386,5.3,54.0,4.0,4.7936687394007915,1,5.3C(54%)-4C,823.0,-59.327299241881484,-781.9332334935821,2.9054054054054053
b3,b3c26,5.6C(19%)-4.6C-newstructure,1028.0,3.011993114659257,-4.219507413901045,-1.6165591632709488,-10.13959278346487,-0.3421554787701476,0.025503713565828295,1.0720186,-0.5151999999999379,-0.0564935064917941,1.0751236720779218,-42.84606060605532,0.015693368,0.015538619,-0.42369000000000434,35.745916536891265,39.786995,6.815938911607954,10.041816666666708,5.6,19.0,4.6,4.803729603729604,1,5.6C(19%)-4.6C,798.0,-61.25490315263215,-622.6463440485848,2.9834834834834836
b3,b3c27,5.6C(36%)-4.3C-newstructure,850.0,2.929418925714293,-4.130132310934438,-1.575113615428363,-10.70991087322853,-0.36115454159106597,0.04694311414825724,1.0604171,-1.0881000000000363,-4.069251700681787,1.0639172449680474,-47.14363636365077,0.015073455,0.014868693,-0.9954799999999965,35.30844806776433,38.98098,6.275969124303304,10.045022333333327,5.6,36.0,4.3,4.8015952143569285,1,5.6C(36%)-4.3C,675.0,-71.15575471448561,-750.0519677339882,2.8993993993993996
b3,b3c28,3.7C(31%)-5.9C-newstructure,541.0,2.7331972651065692,-3.451657893017001,-1.2378383926134868,-30.25611921470947,0.2996423874831566,-0.00864040136683432,1.0518668,-18.448300000000195,-197.9998862090348,1.0546196123784786,-267.253333333343,0.013169404,0.013169404,4.359230000000013,35.69688828820833,39.85648636436463,7.264191399409321,10.05914166666674,3.7,31.0,5.9,4.795167490389896,1,3.7C(31%)-5.9C,379.0,-235.16772152034855,-490.58471643231803,2.9804804804804803
b3,b3c29,5.9C(15%)-4.6C-newstructure,858.0,2.9334872878487053,-4.0635761002012085,-1.5387795593022975,-11.300575148553207,-0.3484488624765838,0.07179287055388504,1.0663688,-0.2276000000001055,4.030369820656185,1.0702955915431867,-59.81333333333608,0.014962286,0.014745088,-1.6551100000000014,31.262889334066085,31.999889,0.8462462172472786,10.041687666666647,5.9,15.0,4.6,4.798232044198895,1,5.9C(15%)-4.6C,668.0,-79.32345582746105,-685.0103550499285,2.8978978978978978
b3,b3c30,5.3C(54%)-4C-newstructure,935.0,2.9708116108725178,-4.1002255467806545,-1.5728845665772753,-11.137570899382837,-0.3873119059789263,0.055725818188972945,1.0687393,-0.7184000000000079,-3.3863661100803126,1.0718779794190885,-31.676969696963546,0.015732529,0.015509814,-1.141259999999991,32.24311941023021,34.756857996430846,3.2218812150282696,10.043678666666674,5.3,54.0,4.0,4.7936687394007915,1,5.3C(54%)-4C,761.0,-59.28284735650822,-777.2040587829947,2.936936936936937
b3,b3c31,5.9C(60%)-3.1C-newstructure,731.0,2.8639173769578603,-3.8396030254357147,-1.4483132816471656,-16.35054856148944,-0.12085281622375785,0.11114024675336923,1.0681812,-1.0680999999999052,-8.960927643786825,1.0712683234714486,-32.40666666670277,0.015983483,0.015812302,-0.2983200000000047,34.00003070157337,37.242977,5.459950133016016,10.046477666666663,5.9,60.0,3.1,4.813157894736842,1,5.9C(60%)-3.1C,597.0,-75.20455386873259,-1044.0913829598878,2.906906906906907
b3,b3c33,5C(67%)-4C-newstructure,1284.0,3.1085650237328344,-4.395898333073689,-1.7014541887150514,-7.8486783617875595,-0.42003516917202466,0.0038589147293222785,1.060272,-1.533100000000065,-12.643974025978023,1.0628007830793649,-56.953333333335316,0.015511206,0.015279103,-1.5399299999999985,33.10710984192206,34.695709,2.6043357997044776,10.043301333333366,5.0,67.0,4.0,4.804804804804805,1,5C(67%)-4C,1089.0,-52.88915460021656,-627.1547941057476,2.9024024024024024
b3,b3c34,5.3C(54%)-4C-newstructure,1158.0,3.0637085593914173,-4.305659504591576,-1.6673617546311603,-9.55200556777299,-0.184080259057273,0.06288836987943101,1.061535,-2.4455999999999367,-21.106993197285103,1.0643220859459905,-72.75636363635803,0.015438841,0.015220164,-1.0690799999999931,35.77943527518051,39.49040963165045,6.7490705794721775,10.044184666666649,5.3,54.0,4.0,4.7936687394007915,1,5.3C(54%)-4C,923.0,-58.251670867227226,-557.4574971843876,2.9054054054054053
b3,b3c35,5.6C(19%)-4.6C-newstructure,1093.0,3.038620161949703,-4.234858289724564,-1.6377423618849243,-9.826425701495065,-0.29633616843670796,0.06176101277146974,1.0633804,-1.981100000000069,-19.619458256017708,1.0654977024720667,-49.344242424266525,0.01549053,0.015308049,-0.7601500000000045,35.532941501822236,39.086731,6.297062351628934,10.043148666666676,5.6,19.0,4.6,4.803729603729604,1,5.6C(19%)-4.6C,850.0,-62.522030534030556,-541.8967841856213,2.90990990990991
b3,b3c36,5.6C(36%)-4.3C-newstructure,923.0,2.965201701025912,-4.253457920681209,-1.6386157036816351,-9.908357469924614,-0.2511211297987007,0.040137917383485884,1.0575287,-2.2610000000000685,-21.96757699443648,1.0604855605681305,-56.901212121194185,0.015267849,0.015083324,-0.882880000000006,35.87907157748097,39.893036,7.211118895183827,10.043801000000046,5.6,36.0,4.3,4.8015952143569285,1,5.6C(36%)-4.3C,798.0,-71.97039812304662,-899.6703488172046,2.9114114114114114
b3,b3c37,4.8C(80%)-4.8C-newstructure,1390.0,3.143014800254095,-5.098855849397497,-2.073666661884879,-1.0767977663257309,1.1322714142646193,0.5338964502213418,1.0465839,-0.4408999999998553,-1.887664811371982,1.0494689153498238,-64.56606060605567,0.014924189,0.01243343,-1.3295699999999953,35.01461049108638,38.20889912669421,5.847431685354521,11.038556666666702,4.8,80.0,4.8,4.8,1,4.8C(80%)-4.8C,1170.0,-54.361266438079525,-456.29903686965787,2.8843843843843846
b3,b3c38,5C(67%)-4C-newstructure,1935.0,3.28668096935493,-4.342053043792284,-1.695789490226726,-8.693083372975451,-0.054164715839684595,0.07073468072679426,1.0701473,-1.113900000000001,-8.761319727899167,1.0724270959929914,-52.53757575757391,0.015988033,0.015742945,-1.1589700000000023,34.745836319764145,38.268311,6.22805703918856,10.044471,5.0,67.0,4.0,4.804804804804805,1,5C(67%)-4C,1522.0,-42.27919683473067,-289.4894582601268,2.8528528528528527
b3,b3c39,5.3C(54%)-4C-newstructure,1156.0,3.0629578340845103,-4.454635076566319,-1.758007558315108,-6.428438589560583,-0.29253860298053624,0.0013067643567437476,1.0474036,-0.9133999999999531,-6.537256648116861,1.050917441503195,-27.939393939395718,0.015740704,0.015480768,-1.5527400000000038,33.887021839840784,36.491322,4.679261680122357,10.043833000000012,5.3,54.0,4.0,4.7936687394007915,1,5.3C(54%)-4C,1003.0,-56.94979939581355,-711.8748270743712,2.855855855855856
b3,b3c40,5.6C(19%)-4.6C-newstructure,796.0,2.900913067737669,-4.29510827493732,-1.6565166769039124,-9.078861478925766,-0.3154308934543946,0.05633795781194752,1.0593235,-1.3980000000000103,-7.755779839218606,1.0633955084081632,-47.003030303043786,0.015561919,0.015254971,-2.343050000000006,34.05341123035083,38.358112,6.587161518021938,10.043562999999995,5.6,19.0,4.6,4.803729603729604,1,5.6C(19%)-4.6C,622.0,-80.82739989924644,-719.2505201287048,2.8978978978978978
b3,b3c41,5.6C(36%)-4.3C-newstructure,786.0,2.895422546039408,-4.2195093707566445,-1.6163103876714375,-9.748050525024677,-0.3571335569959481,0.026586428412793208,1.0505219,0.34519999999993445,9.732551638834902,1.0538754398664192,-50.33636363639353,0.01854171,0.017006677,-1.7313199999999944,33.640262798950594,37.245838,5.803734783120972,10.042974333333357,5.6,36.0,4.3,4.8015952143569285,1,5.6C(36%)-4.3C,605.0,-63.06283800683823,-712.1551619209515,2.888888888888889
b3,b3c42,4.8C(80%)-4.8C-newstructure,1642.0,3.215373152783422,-4.346194685061839,-2.2510534698891034,0.7845194706261451,1.9865716779366551,0.46541906227180085,1.0669198,-0.09159999999996948,1.8335163883754448,1.0694264745025759,-22.433333333343842,0.016376682,0.015753616,-5.620929999999996,33.03326599301577,37.087307,4.878005275485504,11.038937333333307,4.8,80.0,4.8,4.8,1,4.8C(80%)-4.8C,1296.0,-51.212402341312,-353.1556390980595,2.8213213213213213
b3,b3c43,5C(67%)-4C-newstructure,1046.0,3.0195316845312554,-4.316748020025344,-1.8868458094603582,-3.2660569334268033,0.9693080270592709,-0.07221254284913119,1.0701852,-0.14439999999993347,3.101214594933426,1.0727237451263647,-42.81393939396885,0.015843671,0.015550403,-1.4502799999999842,33.89526904792961,38.634735,6.077419792610973,10.043887666666608,5.0,67.0,4.0,4.804804804804805,1,5C(67%)-4C,867.0,-55.508994772917845,-791.2843213859765,2.810810810810811
b3,b3c44,5.3C(54%)-4C-newstructure,940.0,2.9731278535996988,-4.131495522376496,-1.5852750745744224,-11.23106109649192,-0.2446163658848556,0.09285950298371097,1.06972,0.15889999999996185,4.6328596165728015,1.0730794938565242,-18.736969697001353,0.015722955,0.01551657,-1.0574500000000084,33.35164903826186,36.881859,5.697819000410933,10.043435666666628,5.3,54.0,4.0,4.7936687394007915,1,5.3C(54%)-4C,786.0,-58.047953289376174,-884.778958853923,2.894894894894895
b3,b3c45,4.8C(80%)-4.8C-newstructure,1801.0,3.2555137128195333,-4.5208508005857535,-1.7830965362089448,-7.131752461986142,-0.32814304597836497,0.07082391241475824,1.0695485,-0.27580000000004823,-0.8742028447785949,1.0715606994965985,-16.138787878821535,0.015742011,0.015557319,-0.7953999999999948,32.72596355233115,35.085537,3.829151362055768,11.037649999999994,4.8,80.0,4.8,4.8,1,4.8C(80%)-4.8C,1426.0,-45.82237384931958,-335.56307254295166,2.978978978978979
