seed,set,model,n_feat,cv,valid,params,score
0,A,Linear,1,9.311341011601975,7.798541985826997,{},8.554941498714486
0,A,Ridge,1,9.31138767257022,7.798730764040693,{'m__alpha': np.float64(0.001)},8.555059218305455
0,A,Lasso,1,9.314104771252872,7.806919343980512,{'m__alpha': np.float64(0.0001)},8.560512057616691
0,A,ElasticNet,1,9.311721575613676,7.799872326947491,"{'m__alpha': np.float64(0.0001), 'm__l1_ratio': 0.1}",8.555796951280584
0,A,GPR,1,12.549108984167715,8.208846469994658,{},10.378977727081185
0,A,SVR,1,9.906863624602016,8.515519523440119,"{'m__C': 0.3, 'm__epsilon': 0.01, 'm__gamma': 0.1}",9.211191574021068
0,A,RF,1,10.227515572689034,6.465949775830053,"{'m__max_depth': 2, 'm__min_samples_leaf': 2}",8.346732674259544
0,B,Linear,2,10.162079997910789,8.503734047630074,{},9.332907022770431
0,B,Ridge,2,10.162143407634115,8.504264281405884,{'m__alpha': np.float64(0.001)},9.33320384452
0,B,Lasso,2,9.836207122577022,8.945218114449522,{'m__alpha': np.float64(0.0031622776601683794)},9.390712618513273
0,B,ElasticNet,2,9.831001340046797,8.905772909944973,"{'m__alpha': np.float64(0.0031622776601683794), 'm__l1_ratio': 0.9}",9.368387124995884
0,B,GPR,2,12.69319953189632,9.302942661140436,{},10.998071096518379
0,B,SVR,2,11.723118172828128,9.015158996745866,"{'m__C': 0.3, 'm__epsilon': 0.01, 'm__gamma': 0.1}",10.369138584786997
0,B,RF,2,11.703143742183027,6.802757174078204,"{'m__max_depth': 2, 'm__min_samples_leaf': 4}",9.252950458130616
0,C,Linear,7,7.773705427763417,4.000249939219387,{},5.886977683491402
0,C,Ridge,7,7.800345768423185,6.935672823964202,{'m__alpha': np.float64(3.1622776601683795)},7.368009296193693
0,C,Lasso,7,8.129414141110962,3.5043996429665714,{'m__alpha': np.float64(0.0001)},5.816906892038767
0,C,ElasticNet,7,7.854878251471175,3.7219336534310816,"{'m__alpha': np.float64(0.0001), 'm__l1_ratio': 0.5}",5.788405952451129
0,C,GPR,7,10.518457702614446,5.827668565826368,{},8.173063134220406
0,C,SVR,7,10.884455762550251,6.582827700800729,"{'m__C': 0.3, 'm__epsilon': 0.03, 'm__gamma': 0.1}",8.73364173167549
0,C,RF,7,10.968425359192087,6.252501808327279,"{'m__max_depth': 3, 'm__min_samples_leaf': 2}",8.610463583759683
1,A,Linear,1,8.570410129691583,11.028663514056607,{},9.799536821874096
1,A,Ridge,1,8.57046276140258,11.028531137471855,{'m__alpha': np.float64(0.001)},9.799496949437216
1,A,Lasso,1,8.573418634877179,11.02355523901347,{'m__alpha': np.float64(0.0001)},9.798486936945324
1,A,ElasticNet,1,8.57083188952517,11.02780713149746,"{'m__alpha': np.float64(0.0001), 'm__l1_ratio': 0.1}",9.799319510511314
1,A,GPR,1,9.147076693404664,10.57848279603838,{},9.862779744721522
1,A,SVR,1,8.430746017015357,10.516783366531072,"{'m__C': 3, 'm__epsilon': 0.03, 'm__gamma': 0.1}",9.473764691773216
1,A,RF,1,9.296982998246284,9.315762097144633,"{'m__max_depth': 2, 'm__min_samples_leaf': 2}",9.306372547695458
1,B,Linear,2,8.083736459113466,10.772430817904008,{},9.428083638508737
1,B,Ridge,2,8.077369853493023,10.716323346716262,{'m__alpha': np.float64(0.31622776601683794)},9.396846600104642
1,B,Lasso,2,8.089294884491165,10.76204040412682,{'m__alpha': np.float64(0.0001)},9.425667644308993
1,B,ElasticNet,2,8.084230182929137,10.771014857128309,"{'m__alpha': np.float64(0.0001), 'm__l1_ratio': 0.1}",9.427622520028724
1,B,GPR,2,12.285689457431243,10.82405428385214,{},11.55487187064169
1,B,SVR,2,11.021486213376228,11.620064179056566,"{'m__C': 3, 'm__epsilon': 0.03, 'm__gamma': 0.1}",11.320775196216397
1,B,RF,2,9.431557392104915,9.166225170977262,"{'m__max_depth': 2, 'm__min_samples_leaf': 2}",9.298891281541088
1,C,Linear,7,4.74579662334406,7.350520246765447,{},6.048158435054754
1,C,Ridge,7,4.798449591489603,7.454311865724261,{'m__alpha': np.float64(0.001)},6.126380728606932
1,C,Lasso,7,5.735452509022356,7.939263907411902,{'m__alpha': np.float64(0.0001)},6.837358208217129
1,C,ElasticNet,7,5.043481316828488,7.663356470301033,"{'m__alpha': np.float64(0.0001), 'm__l1_ratio': 0.1}",6.35341889356476
1,C,GPR,7,6.258150324560072,7.677097451613306,{},6.967623888086688
1,C,SVR,7,9.348608480242538,8.358764188248806,"{'m__C': 0.3, 'm__epsilon': 0.01, 'm__gamma': 0.1}",8.853686334245673
1,C,RF,7,10.155031651404013,8.726774905893468,"{'m__max_depth': 2, 'm__min_samples_leaf': 2}",9.44090327864874
2,A,Linear,1,9.583357412866707,7.0085534314104985,{},8.295955422138602
2,A,Ridge,1,9.566501139267448,7.058550916986858,{'m__alpha': np.float64(1.0)},8.312526028127152
2,A,Lasso,1,9.578769177133015,7.077986756710216,{'m__alpha': np.float64(0.0031622776601683794)},8.328377966921616
2,A,ElasticNet,1,9.578579014334244,7.043670773143236,"{'m__alpha': np.float64(0.01), 'm__l1_ratio': 0.1}",8.31112489373874
2,A,GPR,1,10.386961876198082,7.216480247279076,{},8.80172106173858
2,A,SVR,1,10.673569081807814,7.315766492161539,"{'m__C': 0.3, 'm__epsilon': 0.01, 'm__gamma': 0.1}",8.994667786984676
2,A,RF,1,10.494885451833488,7.361282951969282,"{'m__max_depth': 3, 'm__min_samples_leaf': 2}",8.928084201901385
2,B,Linear,2,10.012257645353179,7.353577026630398,{},8.682917335991789
2,B,Ridge,2,9.969406230089948,7.573263584770648,{'m__alpha': np.float64(3.1622776601683795)},8.771334907430298
2,B,Lasso,2,9.492808578959295,7.356032802349739,{'m__alpha': np.float64(0.0031622776601683794)},8.424420690654518
2,B,ElasticNet,2,9.259678191790705,7.3698841327281865,"{'m__alpha': np.float64(0.01), 'm__l1_ratio': 0.5}",8.314781162259447
2,B,GPR,2,13.078919089416825,7.584806383470477,{},10.33186273644365
2,B,SVR,2,13.327377192437169,7.314937265165085,"{'m__C': 0.3, 'm__epsilon': 0.01, 'm__gamma': 0.1}",10.321157228801127
2,B,RF,2,10.722995273564562,8.076920030061865,"{'m__max_depth': 3, 'm__min_samples_leaf': 2}",9.399957651813214
2,C,Linear,7,6.390993570845068,4.568500284318831,{},5.4797469275819495
2,C,Ridge,7,6.414216847866264,4.63072534603783,{'m__alpha': np.float64(0.001)},5.522471096952048
2,C,Lasso,7,6.240288811169998,6.317675003832339,{'m__alpha': np.float64(0.0031622776601683794)},6.278981907501169
2,C,ElasticNet,7,6.225948340235132,6.292429868074012,"{'m__alpha': np.float64(0.0031622776601683794), 'm__l1_ratio': 0.9}",6.259189104154572
2,C,GPR,7,9.989639090000129,6.079631112033136,{},8.034635101016633
2,C,SVR,7,8.992805008407775,7.566580749886731,"{'m__C': 1, 'm__epsilon': 0.01, 'm__gamma': 0.1}",8.279692879147252
2,C,RF,7,9.884471542256142,7.237477006882044,"{'m__max_depth': 3, 'm__min_samples_leaf': 2}",8.560974274569093
3,A,Linear,1,8.573907771894659,10.979642783449464,{},9.776775277672062
3,A,Ridge,1,8.573940872673631,10.979875303313246,{'m__alpha': np.float64(0.001)},9.776908087993439
3,A,Lasso,1,8.576012732859715,10.989880005842956,{'m__alpha': np.float64(0.0001)},9.782946369351336
3,A,ElasticNet,1,8.574188811361894,10.98127337702827,"{'m__alpha': np.float64(0.0001), 'm__l1_ratio': 0.1}",9.777731094195083
3,A,GPR,1,9.354233296543688,13.082347082493365,{},11.218290189518527
3,A,SVR,1,8.231213972752718,13.739230443402889,"{'m__C': 1, 'm__epsilon': 0.01, 'm__gamma': 0.1}",10.985222208077804
3,A,RF,1,8.192522227434763,16.291961002918278,"{'m__max_depth': 3, 'm__min_samples_leaf': 2}",12.242241615176521
3,B,Linear,2,8.65752650699605,11.340069225417812,{},9.998797866206932
3,B,Ridge,2,8.64792088644666,11.415721138946095,{'m__alpha': np.float64(0.31622776601683794)},10.031821012696376
3,B,Lasso,2,8.6664665566223,11.347996630011284,{'m__alpha': np.float64(0.0001)},10.007231593316792
3,B,ElasticNet,2,8.658208030760624,11.341404660773645,"{'m__alpha': np.float64(0.0001), 'm__l1_ratio': 0.1}",9.999806345767134
3,B,GPR,2,11.42748984395073,12.387943551523215,{},11.907716697736973
3,B,SVR,2,10.28972283086629,13.981891811272584,"{'m__C': 1, 'm__epsilon': 0.01, 'm__gamma': 0.1}",12.135807321069437
3,B,RF,2,8.371554633822281,15.932358547871628,"{'m__max_depth': 2, 'm__min_samples_leaf': 2}",12.151956590846954
3,C,Linear,7,6.000754654642789,5.878855747762945,{},5.939805201202867
3,C,Ridge,7,6.0920640193594835,5.847277160309341,{'m__alpha': np.float64(0.001)},5.969670589834412
3,C,Lasso,7,6.3235108201762475,5.756710914110765,{'m__alpha': np.float64(0.0001)},6.040110867143506
3,C,ElasticNet,7,6.208697467493796,5.793550674335262,"{'m__alpha': np.float64(0.0001), 'm__l1_ratio': 0.1}",6.001124070914528
3,C,GPR,7,9.964563535271367,7.780302549989861,{},8.872433042630615
3,C,SVR,7,9.819363581595027,7.9109772080713485,"{'m__C': 0.3, 'm__epsilon': 0.01, 'm__gamma': 0.1}",8.865170394833187
3,C,RF,7,7.999789641843456,16.0668846893721,"{'m__max_depth': 3, 'm__min_samples_leaf': 2}",12.033337165607778
4,A,Linear,1,8.393224150000899,8.39869261425928,{},8.39595838213009
4,A,Ridge,1,8.393369107188999,8.398372423974653,{'m__alpha': np.float64(0.001)},8.395870765581826
4,A,Lasso,1,8.398908557004257,8.38563066401307,{'m__alpha': np.float64(0.0001)},8.392269610508663
4,A,ElasticNet,1,8.394101406941013,8.396550963935825,"{'m__alpha': np.float64(0.0001), 'm__l1_ratio': 0.1}",8.39532618543842
4,A,GPR,1,9.411635890948626,7.821933836982383,{},8.616784863965504
4,A,SVR,1,8.748631309592545,8.087330370309154,"{'m__C': 1, 'm__epsilon': 0.03, 'm__gamma': 0.1}",8.41798083995085
4,A,RF,1,9.106561874254005,7.346118391519074,"{'m__max_depth': 2, 'm__min_samples_leaf': 2}",8.22634013288654
4,B,Linear,2,9.622837762833239,8.197592881041995,{},8.910215321937617
4,B,Ridge,2,9.622953750029033,8.19754005424266,{'m__alpha': np.float64(0.001)},8.910246902135846
4,B,Lasso,2,8.867378633992292,7.93861942902532,{'m__alpha': np.float64(0.0031622776601683794)},8.402999031508806
4,B,ElasticNet,2,8.40027328401479,7.928319321619166,"{'m__alpha': np.float64(0.01), 'm__l1_ratio': 0.5}",8.164296302816979
4,B,GPR,2,12.454321564538452,8.740356245976429,{},10.597338905257441
4,B,SVR,2,11.771021516706336,9.74525208709861,"{'m__C': 0.3, 'm__epsilon': 0.03, 'm__gamma': 0.1}",10.758136801902474
4,B,RF,2,9.904416294095286,7.957579820215363,"{'m__max_depth': 3, 'm__min_samples_leaf': 2}",8.930998057155325
4,C,Linear,7,4.557528706797666,5.774245620949115,{},5.165887163873391
4,C,Ridge,7,4.607115738355004,5.846417407357694,{'m__alpha': np.float64(0.001)},5.226766572856349
4,C,Lasso,7,5.537005892441329,6.341045324569028,{'m__alpha': np.float64(0.0001)},5.939025608505178
4,C,ElasticNet,7,4.78076288886917,5.964830394782148,"{'m__alpha': np.float64(0.0001), 'm__l1_ratio': 0.1}",5.3727966418256585
4,C,GPR,7,7.177461642964848,4.740226169027275,{},5.958843905996061
4,C,SVR,7,9.994566071284984,5.060126590114193,"{'m__C': 0.3, 'm__epsilon': 0.01, 'm__gamma': 0.1}",7.527346330699588
4,C,RF,7,10.343669826248156,6.625035528312802,"{'m__max_depth': 3, 'm__min_samples_leaf': 2}",8.48435267728048
5,A,Linear,1,8.492172074994947,8.589279440880874,{},8.54072575793791
5,A,Ridge,1,8.49223719993789,8.58934738497071,{'m__alpha': np.float64(0.001)},8.540792292454299
5,A,Lasso,1,8.49494297197257,8.592454283029175,{'m__alpha': np.float64(0.0001)},8.543698627500873
5,A,ElasticNet,1,8.492585993374513,8.589774270121364,"{'m__alpha': np.float64(0.0001), 'm__l1_ratio': 0.1}",8.54118013174794
5,A,GPR,1,9.997619765430604,9.272375939660416,{},9.63499785254551
5,A,SVR,1,9.251625854880661,9.83848034535406,"{'m__C': 3, 'm__epsilon': 0.03, 'm__gamma': 0.1}",9.54505310011736
5,A,RF,1,9.36572277966604,10.342672441439243,"{'m__max_depth': 3, 'm__min_samples_leaf': 4}",9.854197610552642
5,B,Linear,2,9.470466869538772,8.936150275572084,{},9.203308572555429
5,B,Ridge,2,8.907893471040392,11.305509739231951,{'m__alpha': np.float64(10.0)},10.106701605136172
5,B,Lasso,2,8.87847179113643,9.205185130468605,{'m__alpha': np.float64(0.0031622776601683794)},9.041828460802517
5,B,ElasticNet,2,8.628952926820588,9.414097682594484,"{'m__alpha': np.float64(0.01), 'm__l1_ratio': 0.5}",9.021525304707536
5,B,GPR,2,12.659168809070351,9.27332535610915,{},10.966247082589751
5,B,SVR,2,12.04449685383121,9.282167290858112,"{'m__C': 0.3, 'm__epsilon': 0.03, 'm__gamma': 0.1}",10.663332072344662
5,B,RF,2,9.5633974488874,11.470361860091591,"{'m__max_depth': 3, 'm__min_samples_leaf': 4}",10.516879654489497
5,C,Linear,7,6.55369697729446,5.656841686619305,{},6.105269331956883
5,C,Ridge,7,6.359972550591736,5.315612539160554,{'m__alpha': np.float64(0.001)},5.8377925448761445
5,C,Lasso,7,6.902691107984616,6.007417891221093,{'m__alpha': np.float64(0.0031622776601683794)},6.455054499602854
5,C,ElasticNet,7,6.49241961620173,4.689027452875901,"{'m__alpha': np.float64(0.0001), 'm__l1_ratio': 0.1}",5.5907235345388155
5,C,GPR,7,10.76951698095933,4.647051596659479,{},7.708284288809404
5,C,SVR,7,10.371545564201389,9.065166166621871,"{'m__C': 1, 'm__epsilon': 0.03, 'm__gamma': 0.1}",9.718355865411631
5,C,RF,7,9.735415055172584,9.213202779131427,"{'m__max_depth': 3, 'm__min_samples_leaf': 2}",9.474308917152005
6,A,Linear,1,8.9908984203904,9.024025558389681,{},9.007461989390041
6,A,Ridge,1,8.841921453139197,9.793166365128089,{'m__alpha': np.float64(3.1622776601683795)},9.317543909133644
6,A,Lasso,1,8.881739276593517,9.410985535016831,{'m__alpha': np.float64(0.0031622776601683794)},9.146362405805174
6,A,ElasticNet,1,8.864580768262988,9.673684574370888,"{'m__alpha': np.float64(0.01), 'm__l1_ratio': 0.5}",9.269132671316939
6,A,GPR,1,9.250934462692182,11.247583932121568,{},10.249259197406875
6,A,SVR,1,9.032359220425702,9.995442282987227,"{'m__C': 0.3, 'm__epsilon': 0.03, 'm__gamma': 0.1}",9.513900751706466
6,A,RF,1,9.078263388277696,13.22377984908423,"{'m__max_depth': 3, 'm__min_samples_leaf': 4}",11.151021618680964
6,B,Linear,2,9.346602165306399,11.741964798577607,{},10.544283481942003
6,B,Ridge,2,9.346648579354474,11.742300441269792,{'m__alpha': np.float64(0.001)},10.544474510312133
6,B,Lasso,2,9.224193571209218,10.268937602453851,{'m__alpha': np.float64(0.01)},9.746565586831535
6,B,ElasticNet,2,9.231670735261078,9.636585863207507,"{'m__alpha': np.float64(0.01), 'm__l1_ratio': 0.9}",9.434128299234292
6,B,GPR,2,12.898760436589873,19.446063546588693,{},16.172411991589282
6,B,SVR,2,10.13855769991606,17.11938974000638,"{'m__C': 0.3, 'm__epsilon': 0.03, 'm__gamma': 0.1}",13.62897371996122
6,B,RF,2,9.163868669699792,14.043970492107272,"{'m__max_depth': 3, 'm__min_samples_leaf': 4}",11.603919580903533
6,C,Linear,7,5.385223030653902,10.966497390184413,{},8.175860210419158
6,C,Ridge,7,5.336331129148446,11.89040959835878,{'m__alpha': np.float64(0.0031622776601683794)},8.613370363753614
6,C,Lasso,7,5.173889320448577,15.692174820167853,{'m__alpha': np.float64(0.001)},10.433032070308215
6,C,ElasticNet,7,5.134371383187313,12.632499171596919,"{'m__alpha': np.float64(0.0001), 'm__l1_ratio': 0.5}",8.883435277392117
6,C,GPR,7,6.009649012442945,9.017638925029472,{},7.513643968736208
6,C,SVR,7,8.58108189251281,10.536840893789925,"{'m__C': 3, 'm__epsilon': 0.03, 'm__gamma': 0.1}",9.558961393151368
6,C,RF,7,9.27399741203286,13.45058739639336,"{'m__max_depth': 3, 'm__min_samples_leaf': 4}",11.362292404213111
7,A,Linear,1,8.164652066778356,12.382238824758614,{},10.273445445768484
7,A,Ridge,1,8.164713535093387,12.382319132644442,{'m__alpha': np.float64(0.001)},10.273516333868915
7,A,Lasso,1,8.171437258000054,12.38572790480583,{'m__alpha': np.float64(0.0001)},10.278582581402942
7,A,ElasticNet,1,8.16543478978986,12.382797342729445,"{'m__alpha': np.float64(0.0001), 'm__l1_ratio': 0.1}",10.274116066259651
7,A,GPR,1,9.207171267469553,12.925718627327736,{},11.066444947398644
7,A,SVR,1,8.463891658107041,12.793063463976567,"{'m__C': 1, 'm__epsilon': 0.03, 'm__gamma': 0.1}",10.628477561041805
7,A,RF,1,10.329597643900327,11.401586738180262,"{'m__max_depth': 3, 'm__min_samples_leaf': 4}",10.865592191040294
7,B,Linear,2,8.543499190479324,12.434547147816053,{},10.48902316914769
7,B,Ridge,2,8.543322069565631,12.4370571426251,{'m__alpha': np.float64(0.03162277660168379)},10.490189606095367
7,B,Lasso,2,8.553243390182365,12.437590894517642,{'m__alpha': np.float64(0.0001)},10.495417142350004
7,B,ElasticNet,2,8.544409401377536,12.43504032370632,"{'m__alpha': np.float64(0.0001), 'm__l1_ratio': 0.1}",10.489724862541927
7,B,GPR,2,13.023375428081968,12.680100014190328,{},12.851737721136148
7,B,SVR,2,10.170379917464105,13.272231734306153,"{'m__C': 10, 'm__epsilon': 0.03, 'm__gamma': 0.1}",11.721305825885128
7,B,RF,2,10.714646285622603,11.791263271182133,"{'m__max_depth': 2, 'm__min_samples_leaf': 4}",11.25295477840237
7,C,Linear,7,6.512864374316949,5.823124574413117,{},6.167994474365033
7,C,Ridge,7,6.7691064005638975,5.5451736111577175,{'m__alpha': np.float64(0.001)},6.157140005860807
7,C,Lasso,7,8.066629096286379,4.257314670666528,{'m__alpha': np.float64(0.0001)},6.161971883476453
7,C,ElasticNet,7,7.129044652059891,5.048006517104799,"{'m__alpha': np.float64(0.0001), 'm__l1_ratio': 0.1}",6.088525584582345
7,C,GPR,7,10.36337956811651,7.389009086142131,{},8.87619432712932
7,C,SVR,7,10.339044902091024,8.430461315481946,"{'m__C': 0.3, 'm__epsilon': 0.01, 'm__gamma': 0.1}",9.384753108786484
7,C,RF,7,10.79567007296996,11.362386322528078,"{'m__max_depth': 3, 'm__min_samples_leaf': 2}",11.079028197749018
8,A,Linear,1,10.332800150890844,6.06216119527378,{},8.197480673082312
8,A,Ridge,1,10.198652981234082,7.382169825343693,{'m__alpha': np.float64(3.1622776601683795)},8.790411403288887
8,A,Lasso,1,10.209670046909514,6.619454392713926,{'m__alpha': np.float64(0.0031622776601683794)},8.414562219811721
8,A,ElasticNet,1,10.17965066722282,7.040730249236854,"{'m__alpha': np.float64(0.03162277660168379), 'm__l1_ratio': 0.1}",8.610190458229837
8,A,GPR,1,11.650439174017157,18.237388111909297,{},14.943913642963228
8,A,SVR,1,11.096300362146248,6.654156107583814,"{'m__C': 1, 'm__epsilon': 0.03, 'm__gamma': 0.1}",8.87522823486503
8,A,RF,1,10.52476118937184,10.034496570433687,"{'m__max_depth': 3, 'm__min_samples_leaf': 2}",10.279628879902763
8,B,Linear,2,10.509754213671878,9.913880166125255,{},10.211817189898566
8,B,Ridge,2,10.489864254227873,10.354635018131402,{'m__alpha': np.float64(0.31622776601683794)},10.422249636179638
8,B,Lasso,2,10.466860259781244,7.915597895398186,{'m__alpha': np.float64(0.0031622776601683794)},9.191229077589714
8,B,ElasticNet,2,10.46766199048235,8.13507066929232,"{'m__alpha': np.float64(0.0031622776601683794), 'm__l1_ratio': 0.9}",9.301366329887335
8,B,GPR,2,12.845332142625617,19.67818029528571,{},16.261756218955664
8,B,SVR,2,12.268936390202516,16.362048317298033,"{'m__C': 0.3, 'm__epsilon': 0.03, 'm__gamma': 0.1}",14.315492353750274
8,B,RF,2,11.240747839411712,13.147300021445322,"{'m__max_depth': 3, 'm__min_samples_leaf': 4}",12.194023930428518
8,C,Linear,7,6.355505898109485,13.899876823023913,{},10.127691360566699
8,C,Ridge,7,5.631797808790368,20.52894336032459,{'m__alpha': np.float64(1.0)},13.080370584557478
8,C,Lasso,7,5.408904837997007,18.97495667198391,{'m__alpha': np.float64(0.001)},12.191930754990459
8,C,ElasticNet,7,5.385077876323048,19.05621304320812,"{'m__alpha': np.float64(0.001), 'm__l1_ratio': 0.9}",12.220645459765585
8,C,GPR,7,5.489605884209831,11.346736841402286,{},8.418171362806058
8,C,SVR,7,8.131744633462516,11.86637385876831,"{'m__C': 1, 'm__epsilon': 0.01, 'm__gamma': 0.1}",9.999059246115412
8,C,RF,7,11.215417740074239,11.281117300350282,"{'m__max_depth': 3, 'm__min_samples_leaf': 2}",11.24826752021226
9,A,Linear,1,7.566547398568646,13.185499303117274,{},10.37602335084296
9,A,Ridge,1,7.566577553829918,13.185464555263074,{'m__alpha': np.float64(0.001)},10.376021054546495
9,A,Lasso,1,7.567850724875109,13.184053869402737,{'m__alpha': np.float64(0.0001)},10.375952297138923
9,A,ElasticNet,1,7.566740771097599,13.185263627788304,"{'m__alpha': np.float64(0.0001), 'm__l1_ratio': 0.1}",10.37600219944295
9,A,GPR,1,7.615883160818806,15.207866531949879,{},11.411874846384343
9,A,SVR,1,7.226233378351765,14.498209159174182,"{'m__C': 0.3, 'm__epsilon': 0.03, 'm__gamma': 0.1}",10.862221268762973
9,A,RF,1,8.22093296418907,15.430327603000132,"{'m__max_depth': 2, 'm__min_samples_leaf': 2}",11.8256302835946
9,B,Linear,2,7.735612739285111,21.622334286482694,{},14.678973512883903
9,B,Ridge,2,7.735778526017046,21.621990842446017,{'m__alpha': np.float64(0.001)},14.678884684231532
9,B,Lasso,2,7.736553885516274,21.518281157262535,{'m__alpha': np.float64(0.0001)},14.627417521389404
9,B,ElasticNet,2,7.73601240659475,21.611039809618596,"{'m__alpha': np.float64(0.0001), 'm__l1_ratio': 0.1}",14.673526108106673
9,B,GPR,2,8.681249517544355,24.59559263708482,{},16.63842107731459
9,B,SVR,2,9.531100625383813,24.816808787007233,"{'m__C': 10, 'm__epsilon': 0.03, 'm__gamma': 0.1}",17.173954706195524
9,B,RF,2,9.233984010124942,16.605746577320595,"{'m__max_depth': 3, 'm__min_samples_leaf': 2}",12.919865293722768
9,C,Linear,7,5.372180135495544,11.234533322368655,{},8.3033567289321
9,C,Ridge,7,5.090906055250852,13.681752238489727,{'m__alpha': np.float64(0.01)},9.38632914687029
9,C,Lasso,7,5.266910604198539,15.116259253175105,{'m__alpha': np.float64(0.0001)},10.191584928686822
9,C,ElasticNet,7,5.0999501142285,14.355893574066222,"{'m__alpha': np.float64(0.00031622776601683794), 'm__l1_ratio': 0.1}",9.72792184414736
9,C,GPR,7,6.020699267349054,10.194446214462904,{},8.10757274090598
9,C,SVR,7,9.225157909860869,12.861211971669412,"{'m__C': 3, 'm__epsilon': 0.03, 'm__gamma': 0.1}",11.04318494076514
9,C,RF,7,9.61715232732542,17.580347267428188,"{'m__max_depth': 3, 'm__min_samples_leaf': 2}",13.598749797376804
10,A,Linear,1,9.395812058453451,10.11003705487004,{},9.752924556661746
10,A,Ridge,1,9.394419525919371,10.11841580942117,{'m__alpha': np.float64(0.1)},9.75641766767027
10,A,Lasso,1,9.396646752890918,10.113629362957855,{'m__alpha': np.float64(0.0001)},9.755138057924388
10,A,ElasticNet,1,9.395868188569185,10.110607256431418,"{'m__alpha': np.float64(0.0001), 'm__l1_ratio': 0.1}",9.753237722500302
10,A,GPR,1,9.7274523969086,12.532149737339685,{},11.129801067124141
10,A,SVR,1,9.33689036206664,11.056811412045686,"{'m__C': 10, 'm__epsilon': 0.03, 'm__gamma': 0.1}",10.196850887056163
10,A,RF,1,8.86388318813634,16.178610419363807,"{'m__max_depth': 3, 'm__min_samples_leaf': 2}",12.521246803750074
10,B,Linear,2,9.751829499904474,9.02263928237077,{},9.387234391137621
10,B,Ridge,2,9.720784660534571,9.061903320851345,{'m__alpha': np.float64(1.0)},9.391343990692958
10,B,Lasso,2,9.62152223999662,10.22765283613597,{'m__alpha': np.float64(0.0031622776601683794)},9.924587538066294
10,B,ElasticNet,2,9.625733042982043,10.216273941921743,"{'m__alpha': np.float64(0.0031622776601683794), 'm__l1_ratio': 0.9}",9.921003492451893
10,B,GPR,2,10.47087991349495,21.022887544469814,{},15.746883728982382
10,B,SVR,2,10.46667276517405,19.294804571385516,"{'m__C': 0.3, 'm__epsilon': 0.01, 'm__gamma': 0.1}",14.880738668279783
10,B,RF,2,9.497561123571796,13.630317523592556,"{'m__max_depth': 2, 'm__min_samples_leaf': 2}",11.563939323582176
10,C,Linear,7,5.60685784632453,9.45279697245,{},7.5298274093872655
10,C,Ridge,7,5.415049427499047,12.254851303156201,{'m__alpha': np.float64(0.01)},8.834950365327623
10,C,Lasso,7,5.398651482093092,13.564051433905549,{'m__alpha': np.float64(0.0001)},9.48135145799932
10,C,ElasticNet,7,5.401324285851069,13.427738426832631,"{'m__alpha': np.float64(0.0001), 'm__l1_ratio': 0.9}",9.41453135634185
10,C,GPR,7,7.1959492037745845,9.24221734324893,{},8.219083273511757
10,C,SVR,7,9.959536189563645,15.355072835073083,"{'m__C': 0.3, 'm__epsilon': 0.03, 'm__gamma': 0.1}",12.657304512318364
10,C,RF,7,10.20376918397361,14.028033265486023,"{'m__max_depth': 3, 'm__min_samples_leaf': 4}",12.115901224729818
11,A,Linear,1,7.040041289842745,15.865573205927388,{},11.452807247885067
11,A,Ridge,1,7.040046744708893,15.865058317021083,{'m__alpha': np.float64(0.001)},11.452552530864988
11,A,Lasso,1,7.040075436894358,15.84653105450271,{'m__alpha': np.float64(0.0001)},11.443303245698534
11,A,ElasticNet,1,7.040053810613598,15.86232515104426,"{'m__alpha': np.float64(0.0001), 'm__l1_ratio': 0.1}",11.45118948082893
11,A,GPR,1,7.8758018412137645,15.731704919412879,{},11.80375338031332
11,A,SVR,1,7.3334501473392875,15.757328248028921,"{'m__C': 1, 'm__epsilon': 0.03, 'm__gamma': 0.1}",11.545389197684104
11,A,RF,1,8.403593837855855,18.054156028745094,"{'m__max_depth': 3, 'm__min_samples_leaf': 2}",13.228874933300474
11,B,Linear,2,8.69287476471167,15.395182175472161,{},12.044028470091916
11,B,Ridge,2,8.692886125484558,15.394603496386189,{'m__alpha': np.float64(0.001)},12.043744810935372
11,B,Lasso,2,7.318961038393259,13.991694803213944,{'m__alpha': np.float64(0.01)},10.655327920803602
11,B,ElasticNet,2,7.345834240175387,14.138430066209212,"{'m__alpha': np.float64(0.01), 'm__l1_ratio': 0.9}",10.7421321531923
11,B,GPR,2,10.463209499512958,16.3285354515663,{},13.39587247553963
11,B,SVR,2,9.059720236484711,16.547800518443303,"{'m__C': 1, 'm__epsilon': 0.03, 'm__gamma': 0.1}",12.803760377464007
11,B,RF,2,8.81678015289293,17.93010784536218,"{'m__max_depth': 3, 'm__min_samples_leaf': 2}",13.373443999127556
11,C,Linear,7,4.515360525052552,7.545824928247824,{},6.0305927266501875
11,C,Ridge,7,4.629855882618069,7.502378406074893,{'m__alpha': np.float64(0.001)},6.066117144346482
11,C,Lasso,7,5.991411115933157,7.2935613748653,{'m__alpha': np.float64(0.0001)},6.642486245399228
11,C,ElasticNet,7,4.856504667583246,7.38753826366011,"{'m__alpha': np.float64(0.0001), 'm__l1_ratio': 0.1}",6.122021465621678
11,C,GPR,7,5.872356572404096,8.51117754296135,{},7.191767057682723
11,C,SVR,7,8.987372569331878,7.824942159148559,"{'m__C': 0.3, 'm__epsilon': 0.01, 'm__gamma': 0.1}",8.406157364240219
11,C,RF,7,9.677444434108672,17.583048430022068,"{'m__max_depth': 3, 'm__min_samples_leaf': 2}",13.63024643206537
12,A,Linear,1,10.33086436513822,5.092185887592969,{},7.711525126365594
12,A,Ridge,1,10.00582014595961,5.814496048621169,{'m__alpha': np.float64(3.1622776601683795)},7.91015809729039
12,A,Lasso,1,10.071162558079278,6.758949770320085,{'m__alpha': np.float64(0.01)},8.415056164199681
12,A,ElasticNet,1,10.042796459989722,5.689606027216385,"{'m__alpha': np.float64(0.01), 'm__l1_ratio': 0.5}",7.8662012436030535
12,A,GPR,1,12.631308324611533,8.945232828893698,{},10.788270576752616
12,A,SVR,1,10.33994937441864,9.757540265655887,"{'m__C': 1, 'm__epsilon': 0.03, 'm__gamma': 0.1}",10.048744820037264
12,A,RF,1,9.953299314913293,9.807224317546384,"{'m__max_depth': 2, 'm__min_samples_leaf': 2}",9.880261816229838
12,B,Linear,2,10.893854641345646,4.075506895346338,{},7.484680768345992
12,B,Ridge,2,10.89407747664455,4.075363116667498,{'m__alpha': np.float64(0.001)},7.4847202966560245
12,B,Lasso,2,10.525208168202381,6.758949770320085,{'m__alpha': np.float64(0.01)},8.642078969261233
12,B,ElasticNet,2,10.492844806235492,8.269031635517129,"{'m__alpha': np.float64(0.03162277660168379), 'm__l1_ratio': 0.5}",9.38093822087631
12,B,GPR,2,11.91956279727149,15.403371125008942,{},13.661466961140217
12,B,SVR,2,12.074656364260905,13.512199981517783,"{'m__C': 0.3, 'm__epsilon': 0.01, 'm__gamma': 0.1}",12.793428172889344
12,B,RF,2,10.829028724611106,12.188001236687555,"{'m__max_depth': 3, 'm__min_samples_leaf': 4}",11.50851498064933
12,C,Linear,7,9.054110821110248,5.199210347895999,{},7.1266605845031235
12,C,Ridge,7,8.91551385441548,3.022712542545554,{'m__alpha': np.float64(10.0)},5.969113198480517
12,C,Lasso,7,8.83710865221683,6.2144507134973574,{'m__alpha': np.float64(0.01)},7.5257796828570935
12,C,ElasticNet,7,8.782639525677093,5.975693257523548,"{'m__alpha': np.float64(0.01), 'm__l1_ratio': 0.9}",7.37916639160032
12,C,GPR,7,8.114887967248716,15.891704832692671,{},12.003296399970694
12,C,SVR,7,8.429187382368925,16.93235598218487,"{'m__C': 1, 'm__epsilon': 0.03, 'm__gamma': 0.1}",12.680771682276898
12,C,RF,7,10.652626188855955,12.542846961447458,"{'m__max_depth': 2, 'm__min_samples_leaf': 4}",11.597736575151707
13,A,Linear,1,8.141994745259229,10.911665099629143,{},9.526829922444186
13,A,Ridge,1,8.142000789945726,10.911848577968463,{'m__alpha': np.float64(0.001)},9.526924683957095
13,A,Lasso,1,8.143120843614863,10.919276114480757,{'m__alpha': np.float64(0.0001)},9.53119847904781
13,A,ElasticNet,1,8.14212500410794,10.912905059432722,"{'m__alpha': np.float64(0.0001), 'm__l1_ratio': 0.1}",9.527515031770331
13,A,GPR,1,11.529297414900556,11.25220150422678,{},11.390749459563668
13,A,SVR,1,8.122237713778837,11.475024117771936,"{'m__C': 0.3, 'm__epsilon': 0.01, 'm__gamma': 0.1}",9.798630915775387
13,A,RF,1,10.638903435719163,10.357679385451421,"{'m__max_depth': 3, 'm__min_samples_leaf': 2}",10.498291410585292
13,B,Linear,2,7.89000268003751,10.930554878701333,{},9.41027877936942
13,B,Ridge,2,7.890211146555204,10.930727037486996,{'m__alpha': np.float64(0.001)},9.4104690920211
13,B,Lasso,2,7.8435271963020625,11.004782627821838,{'m__alpha': np.float64(0.001)},9.424154912061951
13,B,ElasticNet,2,7.838020850470746,10.970139649605189,"{'m__alpha': np.float64(0.001), 'm__l1_ratio': 0.5}",9.404080250037968
13,B,GPR,2,11.689561853240809,11.169835062533359,{},11.429698457887085
13,B,SVR,2,10.316038299862846,11.895542983885129,"{'m__C': 0.3, 'm__epsilon': 0.01, 'm__gamma': 0.1}",11.105790641873988
13,B,RF,2,11.380207526381653,10.820585207683813,"{'m__max_depth': 2, 'm__min_samples_leaf': 2}",11.100396367032733
13,C,Linear,7,5.321294481600113,7.552566687794536,{},6.436930584697324
13,C,Ridge,7,5.3345512514980955,7.740388733880775,{'m__alpha': np.float64(0.001)},6.537469992689435
13,C,Lasso,7,5.643900849242657,8.476598334288642,{'m__alpha': np.float64(0.0001)},7.06024959176565
13,C,ElasticNet,7,5.381403283832569,8.059457581744226,"{'m__alpha': np.float64(0.0001), 'm__l1_ratio': 0.1}",6.7204304327883975
13,C,GPR,7,8.810854610026567,8.441695610272811,{},8.626275110149688
13,C,SVR,7,7.983668650539994,7.391459690197744,"{'m__C': 10, 'm__epsilon': 0.01, 'm__gamma': 0.1}",7.687564170368869
13,C,RF,7,10.322733634082391,11.113428722458842,"{'m__max_depth': 3, 'm__min_samples_leaf': 2}",10.718081178270616
14,A,Linear,1,8.800286244828536,10.994042617136992,{},9.897164430982764
14,A,Ridge,1,8.800398470513533,10.993949737670302,{'m__alpha': np.float64(0.001)},9.897174104091917
14,A,Lasso,1,8.80535598716968,10.99009713977573,{'m__alpha': np.float64(0.0001)},9.897726563472705
14,A,ElasticNet,1,8.801019752959041,10.993405661709874,"{'m__alpha': np.float64(0.0001), 'm__l1_ratio': 0.1}",9.897212707334457
14,A,GPR,1,10.672997358905704,11.496285425061288,{},11.084641391983496
14,A,SVR,1,9.5471474967112,11.907614830136067,"{'m__C': 1, 'm__epsilon': 0.03, 'm__gamma': 0.1}",10.727381163423633
14,A,RF,1,10.154805770697234,9.527119202688699,"{'m__max_depth': 2, 'm__min_samples_leaf': 2}",9.840962486692966
14,B,Linear,2,9.338568943777508,10.87282108600663,{},10.105695014892069
14,B,Ridge,2,9.33871266613905,10.872714663678686,{'m__alpha': np.float64(0.001)},10.105713664908869
14,B,Lasso,2,9.296669541446573,10.863502328125758,{'m__alpha': np.float64(0.00031622776601683794)},10.080085934786165
14,B,ElasticNet,2,9.29979335851908,10.856521087757296,"{'m__alpha': np.float64(0.001), 'm__l1_ratio': 0.5}",10.078157223138188
14,B,GPR,2,11.976934808469512,11.021678126710809,{},11.49930646759016
14,B,SVR,2,10.874424558739268,12.614396209099224,"{'m__C': 10, 'm__epsilon': 0.03, 'm__gamma': 0.1}",11.744410383919245
14,B,RF,2,11.878045416700479,10.489889886655316,"{'m__max_depth': 2, 'm__min_samples_leaf': 4}",11.183967651677897
14,C,Linear,7,7.016699542995495,4.5414519015411265,{},5.779075722268311
14,C,Ridge,7,7.303410211245581,4.332083671878104,{'m__alpha': np.float64(0.001)},5.817746941561843
14,C,Lasso,7,8.033101726970022,3.266460487866438,{'m__alpha': np.float64(0.0001)},5.64978110741823
14,C,ElasticNet,7,7.590736899479036,3.945429804692739,"{'m__alpha': np.float64(0.0001), 'm__l1_ratio': 0.1}",5.768083352085887
14,C,GPR,7,10.254291788521588,6.421830167323808,{},8.338060977922698
14,C,SVR,7,10.338120750246519,7.43934490449218,"{'m__C': 0.3, 'm__epsilon': 0.01, 'm__gamma': 0.1}",8.888732827369349
14,C,RF,7,11.391761935436383,9.612124324043169,"{'m__max_depth': 3, 'm__min_samples_leaf': 2}",10.501943129739775
15,A,Linear,1,9.192732358755007,7.576978105554219,{},8.384855232154614
15,A,Ridge,1,9.192828938188985,7.576282351383801,{'m__alpha': np.float64(0.001)},8.384555644786392
15,A,Lasso,1,9.19821484956203,7.556516217740862,{'m__alpha': np.float64(0.0001)},8.377365533651446
15,A,ElasticNet,1,9.193474139286655,7.573021953559213,"{'m__alpha': np.float64(0.0001), 'm__l1_ratio': 0.1}",8.383248046422935
15,A,GPR,1,12.87368091526396,6.70314313941495,{},9.788412027339454
15,A,SVR,1,10.104719901962925,7.431171374899878,"{'m__C': 0.3, 'm__epsilon': 0.03, 'm__gamma': 0.1}",8.767945638431401
15,A,RF,1,11.115288197947175,8.431042100024925,"{'m__max_depth': 2, 'm__min_samples_leaf': 4}",9.773165148986049
15,B,Linear,2,9.569534375952816,6.8979661664724485,{},8.233750271212632
15,B,Ridge,2,9.198248700887188,10.590136284280396,{'m__alpha': np.float64(10.0)},9.894192492583791
15,B,Lasso,2,9.237772616975167,6.882597845003274,{'m__alpha': np.float64(0.0031622776601683794)},8.060185230989221
15,B,ElasticNet,2,9.036546006184391,6.92350629929752,"{'m__alpha': np.float64(0.01), 'm__l1_ratio': 0.5}",7.9800261527409555
15,B,GPR,2,12.794246255305538,8.851981071906387,{},10.823113663605962
15,B,SVR,2,12.477037071768486,10.28468181175965,"{'m__C': 0.3, 'm__epsilon': 0.03, 'm__gamma': 0.1}",11.380859441764068
15,B,RF,2,11.29455255162919,11.296513004849164,"{'m__max_depth': 3, 'm__min_samples_leaf': 4}",11.295532778239178
15,C,Linear,7,6.119817484802238,5.5158657535836,{},5.817841619192919
15,C,Ridge,7,6.15978430858287,5.45372412282831,{'m__alpha': np.float64(0.001)},5.80675421570559
15,C,Lasso,7,6.512745573970177,3.8617146458410265,{'m__alpha': np.float64(0.0001)},5.1872301099056015
15,C,ElasticNet,7,6.216628067121146,5.383255829186904,"{'m__alpha': np.float64(0.0001), 'm__l1_ratio': 0.1}",5.799941948154025
15,C,GPR,7,10.711203812063468,2.4563813086458666,{},6.583792560354667
15,C,SVR,7,10.362663867712152,13.772759883336851,"{'m__C': 3, 'm__epsilon': 0.03, 'm__gamma': 'scale'}",12.067711875524502
15,C,RF,7,11.567093036937125,11.87927762368788,"{'m__max_depth': 3, 'm__min_samples_leaf': 4}",11.723185330312504
16,A,Linear,1,9.417297136326976,7.974677239259677,{},8.695987187793326
16,A,Ridge,1,9.382510682602328,8.058701675109736,{'m__alpha': np.float64(1.0)},8.720606178856032
16,A,Lasso,1,9.417599371354854,7.978453062255615,{'m__alpha': np.float64(0.0001)},8.698026216805234
16,A,ElasticNet,1,9.411877705258847,8.034591200118836,"{'m__alpha': np.float64(0.01), 'm__l1_ratio': 0.1}",8.723234452688843
16,A,GPR,1,10.184238022423902,7.813074638945312,{},8.998656330684607
16,A,SVR,1,9.243691063368592,11.249005128520421,"{'m__C': 3, 'm__epsilon': 0.01, 'm__gamma': 'scale'}",10.246348095944507
16,A,RF,1,10.255760806005956,7.328914158783347,"{'m__max_depth': 2, 'm__min_samples_leaf': 2}",8.79233748239465
16,B,Linear,2,9.234045557287505,9.787712054142473,{},9.510878805714988
16,B,Ridge,2,9.234116075919015,9.788246892021336,{'m__alpha': np.float64(0.001)},9.511181483970176
16,B,Lasso,2,8.8895541525382,9.94063082114953,{'m__alpha': np.float64(0.0031622776601683794)},9.415092486843864
16,B,ElasticNet,2,8.746455677697762,10.106248587904695,"{'m__alpha': np.float64(0.01), 'm__l1_ratio': 0.5}",9.426352132801227
16,B,GPR,2,12.78340754359652,10.873364651532466,{},11.828386097564493
16,B,SVR,2,11.918914181187114,10.390704813716356,"{'m__C': 0.3, 'm__epsilon': 0.03, 'm__gamma': 0.1}",11.154809497451735
16,B,RF,2,11.48207524284742,8.775806101368252,"{'m__max_depth': 3, 'm__min_samples_leaf': 2}",10.128940672107836
16,C,Linear,7,5.985796413947244,4.82696083470699,{},5.406378624327117
16,C,Ridge,7,5.858773598889266,4.419263306000717,{'m__alpha': np.float64(0.0031622776601683794)},5.139018452444992
16,C,Lasso,7,5.856097856062066,3.424066387670778,{'m__alpha': np.float64(0.0001)},4.640082121866422
16,C,ElasticNet,7,5.841155738792403,3.8972657143279426,"{'m__alpha': np.float64(0.0001), 'm__l1_ratio': 0.5}",4.869210726560173
16,C,GPR,7,10.362354396392044,3.8326739180844296,{},7.097514157238237
16,C,SVR,7,10.769343816667751,5.8986821435074575,"{'m__C': 3, 'm__epsilon': 0.01, 'm__gamma': 0.1}",8.334012980087603
16,C,RF,7,11.900418547535532,9.81823440274881,"{'m__max_depth': 2, 'm__min_samples_leaf': 4}",10.859326475142172
17,A,Linear,1,8.558888016986192,11.166561895597754,{},9.862724956291974
17,A,Ridge,1,8.558989672033132,11.166351746207914,{'m__alpha': np.float64(0.001)},9.862670709120522
17,A,Lasso,1,8.56484443360258,11.158028743867881,{'m__alpha': np.float64(0.0001)},9.86143658873523
17,A,ElasticNet,1,8.559703074457245,11.165141238201954,"{'m__alpha': np.float64(0.0001), 'm__l1_ratio': 0.1}",9.8624221563296
17,A,GPR,1,11.91440155135383,10.895623234084443,{},11.405012392719136
17,A,SVR,1,8.57935860587656,15.532873459788169,"{'m__C': 1, 'm__epsilon': 0.01, 'm__gamma': 'scale'}",12.056116032832364
17,A,RF,1,8.475694899228952,11.459654659029594,"{'m__max_depth': 2, 'm__min_samples_leaf': 2}",9.967674779129272
17,B,Linear,2,8.637105288037024,11.110385884663868,{},9.873745586350445
17,B,Ridge,2,8.637107594675166,11.110182855780108,{'m__alpha': np.float64(0.001)},9.873645225227637
17,B,Lasso,2,8.281178530366628,10.852985444272303,{'m__alpha': np.float64(0.0031622776601683794)},9.567081987319465
17,B,ElasticNet,2,8.315942633620509,10.876805867273589,"{'m__alpha': np.float64(0.0031622776601683794), 'm__l1_ratio': 0.9}",9.596374250447049
17,B,GPR,2,12.41008966291235,10.960447241040306,{},11.685268451976327
17,B,SVR,2,11.783401543902107,11.067976710513493,"{'m__C': 0.3, 'm__epsilon': 0.03, 'm__gamma': 0.1}",11.4256891272078
17,B,RF,2,8.957051743728226,11.765928525360636,"{'m__max_depth': 2, 'm__min_samples_leaf': 2}",10.36149013454443
17,C,Linear,7,5.832921410343081,5.154633003251615,{},5.493777206797349
17,C,Ridge,7,5.860548849253305,5.138189354282125,{'m__alpha': np.float64(0.001)},5.499369101767715
17,C,Lasso,7,6.120444032632575,6.207248061067268,{'m__alpha': np.float64(0.001)},6.163846046849921
17,C,ElasticNet,7,5.9205135536059865,5.078931935742069,"{'m__alpha': np.float64(0.0001), 'm__l1_ratio': 0.1}",5.4997227446740276
17,C,GPR,7,10.458080694553129,4.811534256531408,{},7.634807475542268
17,C,SVR,7,7.713171327653622,11.973914989739535,"{'m__C': 1, 'm__epsilon': 0.01, 'm__gamma': 'scale'}",9.843543158696578
17,C,RF,7,9.570301009641105,10.576098237420695,"{'m__max_depth': 3, 'm__min_samples_leaf': 2}",10.0731996235309
18,A,Linear,1,8.773900933334904,9.718565958777015,{},9.24623344605596
18,A,Ridge,1,8.774067339229276,9.717987538843957,{'m__alpha': np.float64(0.001)},9.246027439036617
18,A,Lasso,1,8.780854320527927,9.692775047878452,{'m__alpha': np.float64(0.0001)},9.236814684203189
18,A,ElasticNet,1,8.774955555867486,9.714425501778628,"{'m__alpha': np.float64(0.0001), 'm__l1_ratio': 0.1}",9.244690528823057
18,A,GPR,1,10.800024306177374,8.999091500043098,{},9.899557903110235
18,A,SVR,1,9.551848145847051,9.708972300789508,"{'m__C': 1, 'm__epsilon': 0.03, 'm__gamma': 0.1}",9.630410223318279
18,A,RF,1,9.06292916704398,9.025767721471487,"{'m__max_depth': 2, 'm__min_samples_leaf': 2}",9.044348444257734
18,B,Linear,2,9.133801709422826,9.264395200370428,{},9.199098454896628
18,B,Ridge,2,9.132142245212743,9.238275934104589,{'m__alpha': np.float64(0.1)},9.185209089658667
18,B,Lasso,2,8.762312779774708,8.869286709756848,{'m__alpha': np.float64(0.0031622776601683794)},8.815799744765778
18,B,ElasticNet,2,8.80060268449042,8.906273133158786,"{'m__alpha': np.float64(0.0031622776601683794), 'm__l1_ratio': 0.9}",8.853437908824603
18,B,GPR,2,12.127976894828498,9.033812648990198,{},10.580894771909348
18,B,SVR,2,11.708532425016509,9.728227796037437,"{'m__C': 0.3, 'm__epsilon': 0.03, 'm__gamma': 0.1}",10.718380110526972
18,B,RF,2,10.288825559949014,9.927179526212853,"{'m__max_depth': 3, 'm__min_samples_leaf': 2}",10.108002543080934
18,C,Linear,7,6.421237264215064,5.047588758068764,{},5.734413011141914
18,C,Ridge,7,6.44278167813184,5.106856744890714,{'m__alpha': np.float64(0.001)},5.774819211511277
18,C,Lasso,7,6.879910010386101,5.314166199527499,{'m__alpha': np.float64(0.0001)},6.0970381049568
18,C,ElasticNet,7,6.565465651880237,5.292635885420518,"{'m__alpha': np.float64(0.0001), 'm__l1_ratio': 0.1}",5.929050768650377
18,C,GPR,7,10.160804823650356,4.65744407993233,{},7.409124451791342
18,C,SVR,7,8.897140020806287,8.430287599810919,"{'m__C': 0.3, 'm__epsilon': 0.03, 'm__gamma': 0.1}",8.663713810308604
18,C,RF,7,10.097848174885822,9.932590969643202,"{'m__max_depth': 3, 'm__min_samples_leaf': 2}",10.015219572264513
19,A,Linear,1,8.869410010173574,8.774294944884673,{},8.821852477529124
19,A,Ridge,1,8.857828052897721,8.837720353402236,{'m__alpha': np.float64(0.31622776601683794)},8.847774203149978
19,A,Lasso,1,8.859765043205016,8.865612520408234,{'m__alpha': np.float64(0.001)},8.862688781806625
19,A,ElasticNet,1,8.852397819608605,8.917776558270804,"{'m__alpha': np.float64(0.01), 'm__l1_ratio': 0.1}",8.885087188939703
19,A,GPR,1,9.339196989093926,9.70111122011751,{},9.520154104605718
19,A,SVR,1,9.572732651402264,11.40294326863186,"{'m__C': 0.3, 'm__epsilon': 0.03, 'm__gamma': 0.1}",10.487837960017062
19,A,RF,1,8.576084959052796,10.605774899744873,"{'m__max_depth': 2, 'm__min_samples_leaf': 2}",9.590929929398834
19,B,Linear,2,9.295929348856808,8.649359610475939,{},8.972644479666373
19,B,Ridge,2,9.295971846937547,8.649194789962184,{'m__alpha': np.float64(0.001)},8.972583318449866
19,B,Lasso,2,9.150044504967074,7.325868361522228,{'m__alpha': np.float64(0.0031622776601683794)},8.237956433244651
19,B,ElasticNet,2,9.096362436331425,8.093340119089058,"{'m__alpha': np.float64(0.01), 'm__l1_ratio': 0.5}",8.59485127771024
19,B,GPR,2,10.07507352770666,17.430397353033513,{},13.752735440370087
19,B,SVR,2,10.509752073943055,18.098281856967226,"{'m__C': 0.3, 'm__epsilon': 0.03, 'm__gamma': 0.1}",14.30401696545514
19,B,RF,2,9.26348240953088,10.924241566772896,"{'m__max_depth': 2, 'm__min_samples_leaf': 2}",10.093861988151888
19,C,Linear,7,6.0177161797378425,4.307007251929421,{},5.162361715833631
19,C,Ridge,7,6.0383294594905035,4.348565040842471,{'m__alpha': np.float64(0.001)},5.1934472501664874
19,C,Lasso,7,6.166409636687701,4.378221089597799,{'m__alpha': np.float64(0.0001)},5.27231536314275
19,C,ElasticNet,7,6.0719662278831,4.390907049101016,"{'m__alpha': np.float64(0.0001), 'm__l1_ratio': 0.5}",5.231436638492058
19,C,GPR,7,7.7871768586994135,15.280997330506532,{},11.534087094602972
19,C,SVR,7,8.998284750386087,14.779448586374928,"{'m__C': 0.3, 'm__epsilon': 0.01, 'm__gamma': 0.1}",11.888866668380508
19,C,RF,7,10.087719784600623,13.27450686540747,"{'m__max_depth': 3, 'm__min_samples_leaf': 4}",11.681113325004047
