key,batch,policy,newstruct,life,log_life,QD_2,QD_icpt_2_100,QD_slope_2_100,QD_slope_91_100,dQ_logmin,dQ_logvar,dQ_mean,role
b1c5,b1,4.4C(80%)-4.4C,0,1074.0,3.0310042813635367,1.0761266,1.079900325767883,9.176004947426248,-22.986060606066097,-1.5989653349280424,-4.178877963304522,-11.07391297973859,train
b1c6,b1,4.8C(80%)-4.8C,0,636.0,2.803457115648414,1.0758358,1.0812434929420736,-5.995147804580999,-62.23030303031508,-1.4215207944138115,-3.768877900227724,-15.965056248274824,train
b1c7,b1,4.8C(80%)-4.8C,0,870.0,2.9395192526186187,1.0938644,1.0974151989321783,-8.598354978351681,-41.19090909092407,-1.4175572328154409,-3.8134860773269863,-16.645727245619735,train
b1c9,b1,5.4C(40%)-3.6C,0,1054.0,3.022840610876528,1.0829742,1.0867706012587088,18.216572665435805,-12.572727272731196,-1.5417478896827503,-4.059383677769545,-11.510600568480111,train
b1c11,b1,5.4C(50%)-3C,0,788.0,2.8965262174895554,1.0537786,1.0589479938313748,22.133771181195804,-12.383636363640534,-1.6254072026301174,-4.146896530502188,-8.378205102529986,train
b1c14,b1,5.4C(60%)-3C,0,880.0,2.9444826721501687,1.0709661,1.074888609515975,24.478383426100113,-19.87151515148801,-1.548306330889822,-4.046069839990279,-11.946218223467891,train
b1c15,b1,5.4C(60%)-3C,0,719.0,2.8567288903828825,1.0611236,1.0663114996141,27.14225355597206,-24.880000000015585,-1.538433127534962,-4.017949103167607,-11.013089313180444,train
b1c16,b1,5.4C(60%)-3.6C,0,862.0,2.9355072658247128,1.0811664,1.0853871990204074,21.71891403834207,-30.73090909091033,-1.5589858999371669,-4.099413675443745,-12.403806163792485,train
b1c17,b1,5.4C(60%)-3.6C,0,857.0,2.932980821923198,1.072052,1.076213716623376,17.55653679653765,-13.58181818182149,-1.5076871632965057,-3.970159451162403,-13.343115757399524,train
b1c18,b1,5.4C(70%)-3C,0,691.0,2.8394780473741985,1.0661705,1.070571505889507,-47.57228818800885,-112.18606060606668,-1.3552344300601988,-3.650080545153841,-20.70238680333876,train
b1c19,b1,5.4C(70%)-3C,0,788.0,2.8965262174895554,1.0851147,1.088908697879612,-10.05240445269011,-40.676363636371065,-1.3382564529624872,-3.6199068274368353,-20.106274821769738,train
b1c20,b1,5.4C(80%)-5.4C,0,534.0,2.727541257028556,1.07263,1.0771788449589774,-142.66037847866616,-233.1127272727084,-1.1966765604379692,-3.367237410245857,-32.79598300714767,train
b1c21,b1,5.4C(80%)-5.4C,0,559.0,2.747411807886423,1.0824388,1.0866189497748922,-84.80994805195772,-159.05272727273513,-1.1889597281466224,-3.3503380515995875,-30.657577112710634,train
b1c23,b1,6C(30%)-3.6C,0,1014.0,3.0060379549973173,1.0792934,1.082832754873222,-6.9088002473781795,-20.51454545456475,-1.523552178470511,-4.0407936433278895,-13.34062051236024,train
b1c24,b1,6C(40%)-3C,0,1017.0,3.0073209529227447,1.0745355,1.077941865438466,3.3053716759406555,-17.987878787877193,-1.4969978330235068,-3.938662523656534,-13.873507013282612,train
b1c25,b1,6C(40%)-3C,0,854.0,2.931457870689005,1.0752345,1.0788522708233357,0.136123685826833,-32.261212121217206,-1.5310448923727904,-4.027888820540259,-12.406193052887389,train
b1c26,b1,6C(40%)-3.6C,0,870.0,2.9395192526186187,1.0876514,1.0913622097744793,-13.713897340756844,-37.86060606060321,-1.4161841994934083,-3.795219996785343,-17.85015712562481,train
b1c27,b1,6C(40%)-3.6C,0,842.0,2.9253120914996495,1.0790461,1.082615239563801,-10.30501422387137,-21.23636363634652,-1.4457275004165389,-3.8537032000559392,-15.51418714665611,train
b1c28,b1,6C(50%)-3C,0,860.0,2.934498451243568,1.0777475,1.0810879335192742,-7.718264687697405,-34.56303030306502,-1.4292997115162875,-3.844711807496199,-16.698122755162718,train
b1c29,b1,6C(50%)-3C,0,917.0,2.962369335670021,1.0794537,1.0830461908352909,-5.194195423619847,-35.78666666666666,-1.4333451217343054,-3.8382817049630766,-16.60052342693117,train
b1c30,b1,6C(50%)-3.6C,0,709.0,2.8506462351830666,1.0798637,1.083711975194805,-16.775627705631948,-36.487272727266735,-1.3891761023084517,-3.744699217898308,-17.719122166801277,train
b1c31,b1,6C(50%)-3.6C,0,876.0,2.942504106168081,1.0946392,1.0984372558598228,-25.956333951768737,-40.34181818183894,-1.4036425857817216,-3.777732624088043,-17.983588803246864,train
b1c32,b1,6C(60%)-3C,0,731.0,2.8639173769578603,1.0778366,1.081320797449598,-12.75211873840914,-38.3545454545678,-1.3413563753175848,-3.6464634970703615,-20.730273837007353,train
b1c33,b1,6C(60%)-3C,0,757.0,2.8790958795000727,1.0924908,1.0966023359740256,-21.798744588745947,-46.65151515152116,-1.3477364305988748,-3.6670575975866417,-21.651569301358077,train
b1c34,b1,7C(30%)-3.6C,0,742.0,2.870403905279027,1.0766174,1.0801443258400325,-0.1419604205309743,-29.86606060605583,-1.429245314396692,-3.848616157008837,-16.080359430316875,train
b1c35,b1,7C(30%)-3.6C,0,703.0,2.846955325019824,1.0707464,1.0743922779257882,3.147491651200892,-26.230909090947783,-1.4072456671301197,-3.77260581559603,-18.223341654084003,train
b1c36,b1,7C(40%)-3C,0,704.0,2.847572659142112,1.0778315,1.0817225412331477,-7.854343846631931,-41.446060606065274,-1.350456749794432,-3.669501342595944,-21.04235085802675,train
b1c37,b1,7C(40%)-3C,0,648.0,2.8115750058705933,1.0748194,1.078601235479694,-10.34242671613623,-43.78787878788793,-1.351203133303817,-3.673938893314921,-19.436824634916583,train
b1c38,b1,7C(40%)-3.6C,0,617.0,2.7902851640332416,1.0729513,1.076279644555761,-9.391267779839614,-7.636969696980942,-1.2486008121232726,-3.4330481735466756,-26.764193834967426,train
b1c39,b1,7C(40%)-3.6C,0,625.0,2.795880017344075,1.0817773,1.0858273405264889,-3.2955460729800423,-25.998181818193228,-1.274546135729866,-3.5045337204530713,-24.440041487006035,train
b1c40,b1,8C(15%)-3.6C,0,966.0,2.9849771264154934,1.0833029,1.0873497635019578,-8.20928633271664,-41.26242424242736,-1.5361710582591273,-4.0552127051547355,-12.62880784770354,train
b1c41,b1,8C(15%)-3.6C,0,1051.0,3.021602716028242,1.0789614,1.0828919590855492,-0.1334619666064486,-30.383030303056938,-1.5450592803081846,-4.071513969179501,-12.358568562846164,train
b1c42,b1,8C(25%)-3.6C,0,702.0,2.846337112129805,1.0798725,1.08377869519027,2.1330513296135942,-33.36060606061127,-1.3495987713904598,-3.6658557852690015,-20.599210252813275,train
b1c43,b1,8C(25%)-3.6C,0,651.0,2.813580988568192,1.0682389,1.0717431895811167,-23.99399257884801,-40.02181818180877,-1.3506077894518451,-3.667779071634814,-19.165626778476195,train
b1c44,b1,8C(35%)-3.6C,0,616.0,2.7895807121644256,1.0847682,1.088551277108637,-33.56605936920254,-50.07515151513941,-1.2306443031102845,-3.42070000480644,-29.32909290131707,train
b1c45,b1,8C(35%)-3.6C,0,599.0,2.7774268223893115,1.0839558,1.0878168285446297,-12.91038342609674,-38.96969696969784,-1.2261878935345305,-3.425292235698853,-28.86609052113574,train
b2c0,b2,5.2C(58%)-4C,0,477.0,2.678518379040114,1.1020051,1.10432863298289,16.48855905998082,-142.9745454545562,-1.2591537148635152,-3.4872647963011447,-25.801000173386008,test
b2c1,b2,5.6C(26%)-4.5C,0,491.0,2.6910814921229687,1.1057826,1.1066171412347965,-31.011880024736396,-299.9624242424584,-1.179701833116379,-3.2980513654760366,-35.59500763968319,test
b2c2,b2,5.2C(50%)-4.25C,0,424.0,2.6273658565927325,1.0742784,1.076122781688724,-8.281894867040684,59.64969696965729,-1.2780425690871609,-3.4602483651128177,-25.013386420214044,test
b2c3,b2,4.65C(44%)-5C,0,499.0,2.6981005456233897,1.0959566,1.0974160960432893,77.94594805194875,-267.1763636363663,-1.2528333571271697,-3.496242996974693,-20.089882918698702,test
b2c4,b2,4.65C(69%)-6C,0,444.0,2.6473829701146196,1.0892873,1.0894634687021232,-68.3466035868959,-95.10969696968976,-1.1530619303379337,-3.232506812226559,-34.781796484889085,test
b2c5,b2,3.6C(30%)-6C,0,416.0,2.6190933306267428,1.0985123,1.0990845839092969,-196.24375262832845,-180.36787878791085,-1.064744574647862,-3.085881724279185,-46.48540460048997,test
b2c6,b2,3.6C(9%)-5C,0,393.0,2.5943925503754266,1.087554,1.0898773731412077,61.68569202226343,-198.98848484849455,-1.3021390444128946,-3.53003968650195,-20.82479246051704,test
b2c7,b2,4.8C(80%)-4.8C-newstructure,1,777.0,2.890421018800914,1.0904776,1.090408623811997,51.44118491032902,51.7381818181649,-1.6627808166712077,-4.231670089905405,-8.823099834708447,test
b2c8,b2,5.2C(58%)-4C-newstructure,1,904.0,2.9561684304753633,1.0906329,1.092491834724386,-22.439341991341003,81.7545454545393,-1.5553134390398822,-4.10242248030074,-11.203415580045943,test
b2c9,b2,5.6C(26%)-4.5C-newstructure,1,791.0,2.8981764834976764,1.0949715,1.099168692416408,-31.68200618428741,184.85575757573577,-1.7043416016868915,-4.344425682662564,-7.446960333569008,test
b2c10,b2,4.8C(80%)-4.8C,0,492.0,2.69196510276736,1.1092782,1.1098420303504424,47.84810760668464,123.2157575757417,-1.2533467340698548,-3.4509001132975605,-29.52029629956943,test
b2c11,b2,5.2C(50%)-4.25C,0,449.0,2.6522463410033232,1.0959171,1.0969467226048226,107.40009152752938,116.99151515150233,-1.2604374969231171,-3.485393220979881,-24.012633467613774,test
b2c12,b2,4.65C(44%)-5C,0,466.0,2.66838591669,1.1016457,1.1026196595073172,31.035751391467645,-25.241818181855564,-1.1116450065224746,-3.1679683681509765,-39.39759227215439,test
b2c13,b2,4.65C(69%)-6C,0,460.0,2.662757831681574,1.0954365,1.095525794891362,-10.930183055042791,-4.2351515151421015,-1.1892669979927646,-3.3444477218838284,-34.0700221226121,test
b2c14,b2,3.6C(30%)-6C,0,426.0,2.629409599102719,1.083961,1.0843978479191916,-101.63478787878849,84.11454545454048,-1.0771996484774,-3.118519966248836,-44.55576451036339,test
b2c15,b2,3.6C(9%)-5C,0,396.0,2.597695185925512,1.0696555,1.070275025076066,93.63212863327529,-19.869090909108987,-1.292986448721867,-3.516251926776714,-24.135288352654264,test
b2c16,b2,4.8C(80%)-4.8C,0,472.0,2.673941998634088,1.0945363,1.0976998804316629,-13.010549165119984,-164.16303030306233,-1.2736447676142502,-3.494880991874622,-26.244652410942606,test
b2c17,b2,5.6C(26%)-4.5C,0,471.0,2.673020907128896,1.0917177,1.0918122937975665,38.16326283240199,-176.93151515153303,-1.2793248413972615,-3.500344128474038,-24.346340387445995,test
b2c18,b2,5.2C(50%)-4.25C,0,449.0,2.6522463410033232,1.0754716,1.076763178430839,111.17627952999334,-50.716363636376755,-1.4007101874245018,-3.707302736176298,-16.640891110932497,test
b2c19,b2,6C(60%)-3C,0,392.0,2.593286067020457,1.0902406,1.0937194966592456,22.878912801477533,-336.196363636388,-1.182753687174254,-3.291958004542694,-34.30820779792184,test
b2c20,b2,5.2C(58%)-4C,0,489.0,2.6893088591236203,1.0973581,1.0985253467623164,29.779871366727107,102.81212121212354,-1.218215280679908,-3.441305431410401,-24.43513945158844,test
b2c21,b2,6C(60%)-3C,0,408.0,2.61066016308988,1.0982407,1.1005215119678406,31.962985776131145,-340.8490909090967,-1.1906586183672832,-3.326679075199306,-33.28855261100499,test
b2c24,b2,4.8C(80%)-4.8C,0,514.0,2.710963118995276,1.0919416,1.094102698177695,41.54414347557051,268.8527272727058,-1.3397990424498685,-3.6408852680750527,-22.77147977476359,test
b2c25,b2,5.2C(58%)-4C,0,493.0,2.69284691927723,1.0985878,1.1002267544691815,39.27544217686864,240.87878787875783,-1.2966358308501311,-3.5344779300217333,-23.610982444417377,test
b2c26,b2,5.6C(26%)-4.5C,0,450.0,2.6532125137753435,1.1043522,1.1047604792137695,-10.639778602351674,147.36484848483445,-1.1348440130946638,-3.2220536077932804,-38.03854165400029,test
b2c27,b2,5.2C(50%)-4.25C,0,474.0,2.6757783416740852,1.0925682,1.094236931396,85.07017068646267,111.96727272727443,-1.2636731692411862,-3.48620363289781,-24.68392780224258,test
b2c28,b2,4.8C(80%)-4.8C,0,437.0,2.640481436970422,1.0897655,1.092144320236652,58.05840692640329,-2.722424242439584,-1.2480177638242411,-3.4234111691232063,-27.98933259266237,test
b2c29,b2,5.2C(58%)-4C,0,452.0,2.655138434811382,1.1028264,1.103997561010925,119.064262213976,14.862424242427409,-1.2787375057821846,-3.5082481790944344,-25.32223237657199,test
b2c30,b2,5.6C(26%)-4.5C,0,412.0,2.6148972160331345,1.0946374,1.0971767550348386,-80.92916388374368,118.06000000001632,-1.121920556930394,-3.1854095592748743,-39.65588948997046,test
b2c31,b2,5.6C(26%)-4.5C,0,425.0,2.6283889300503116,1.0989966,1.0979210560218513,39.5702820037045,-37.72060606060862,-1.1922699648528527,-3.35235883148731,-30.624456764042954,test
b2c32,b2,4.8C(80%)-4.8C-newstructure,1,809.0,2.907948521612272,1.0879874,1.0928882284440324,-55.92794928881791,49.96606060600282,-1.5612803858741024,-4.131466155166347,-13.389939833647102,test
b2c33,b2,5.2C(58%)-4C-newstructure,1,1140.0,3.0569048513364727,1.0732747,1.0762505236376003,-83.3554248608563,39.705454545441214,-1.618257999107399,-4.23162831933775,-11.57954100778618,test
b2c34,b2,5.6C(26%)-4.5C-newstructure,1,1186.0,3.074084689028244,1.0671737,1.069902034241599,-53.6554743351897,18.283030303007195,-1.7179911430787784,-4.448585173324752,-8.120054579074074,test
b2c41,b2,5.6C(26%)-4.5C,0,442.0,2.645422269349092,1.1049188,1.104722285370851,25.91102164501735,20.361212121179065,-1.0918848290836711,-3.1723658101769976,-37.76829149570128,test
b2c42,b2,5.2C(50%)-4.25C,0,474.0,2.6757783416740852,1.1017395,1.102781261033601,87.55117006803081,140.13393939392418,-1.2662602060364871,-3.482587648007536,-29.340714926368477,test
b2c43,b2,4.8C(80%)-4.8C-newstructure,1,1029.0,3.012415374762433,1.0974334,1.102439857983096,-72.60840568954866,103.6036363636236,-1.7174947542893648,-4.271781928623568,-7.77834835139346,test
b2c44,b2,5.2C(58%)-4C-newstructure,1,841.0,2.924795995797912,1.09659,1.0989557058470412,-24.999064935064656,41.070303030284286,-1.6924552378239504,-4.36452348032534,-8.750572617170912,test
b2c45,b2,5.6C(26%)-4.5C-newstructure,1,997.0,2.998695158311656,1.10237,1.1049878997893214,-58.75202597402458,33.611515151486294,-1.5739701648315778,-4.175214949171005,-11.157666285585536,test
b2c46,b2,4.8C(80%)-4.8C,0,503.0,2.7015679850559273,1.0994728,1.1014801752034626,20.244277056285615,-200.46909090911277,-1.2768530822548958,-3.5088751328187,-22.834298631913228,test
b3c0,b3,5C(67%)-4C-newstructure,1,1009.0,3.0038911662369103,1.0674551,1.0706599742655118,-5.373688311685019,-43.18121212123218,-1.6324268476284225,-4.245114870317645,-10.10217739369119,test_extra
b3c1,b3,5.3C(54%)-4C-newstructure,1,1063.0,3.0265332645232967,1.0650603,1.0684699113267369,-14.687249226970012,-65.29454545457084,-1.6512245320053405,-4.28554271039912,-9.621018929360837,test_extra
b3c2,b3,5.6C(19%)-4.6C-newstructure,1,1267.0,3.1027766148834415,1.060818,1.0631092024460935,-20.26705132963176,-52.32424242422928,-2.063082393578989,-4.77938058992098,-2.6131423354832517,test_extra
b3c3,b3,5.6C(36%)-4.3C-newstructure,1,1115.0,3.0472748673841794,1.0628892,1.0652911304263035,-12.5500717377886,-58.373939393955666,-1.5712722684801177,-4.116607770381197,-10.705414352713174,test_extra
b3c4,b3,5.6C(19%)-4.6C-newstructure,1,1048.0,3.020361282647708,1.0724765,1.0748037639447536,-5.21987136673268,-27.4951515151565,-1.6053684086049191,-4.178465673149821,-10.10643886890673,test_extra
b3c5,b3,5.6C(36%)-4.3C-newstructure,1,828.0,2.9180303367848803,1.0514506,1.0539662444819624,-15.933948051946167,-63.04121212125594,-1.594395867927963,-4.114423974726586,-11.445765437692485,test_extra
b3c6,b3,3.7C(31%)-5.9C-newstructure,1,667.0,2.824125833916549,1.0626124,1.064078608377241,-202.34894619665343,-243.28727272730077,-1.2740749260804134,-3.5257081929454923,-28.517561100453783,test_extra
b3c7,b3,4.8C(80%)-4.8C-newstructure,1,1836.0,3.2638726768652235,1.0675218,1.0703910964522771,-2.571508967219468,-12.175151515170809,-1.768045874915885,-4.488742187967907,-7.037779014879844,test_extra
b3c8,b3,5C(67%)-4C-newstructure,1,828.0,2.9180303367848803,1.0647362,1.068185311490002,-3.495452071739865,-38.980606060609226,-1.5710723604574095,-4.091803757442373,-11.806368426415048,test_extra
b3c9,b3,5.3C(54%)-4C-newstructure,1,1039.0,3.016615547557177,1.0694826,1.0728273819781475,0.6098998144762756,-6.720000000022783,-1.5290712116059078,-3.982296953008088,-14.47801181075607,test_extra
b3c10,b3,4.8C(80%)-4.8C-newstructure,1,1078.0,3.03261876085072,1.0617746,1.0645681570154604,-2.466477427336261,-46.42606060605875,-1.7191252386508329,-4.4113559240265765,-8.335183582489895,test_extra
b3c11,b3,5.6C(19%)-4.6C-newstructure,1,817.0,2.9122220565324155,1.0680679,1.0707467311086374,-17.986726035874558,-39.87090909091309,-1.4674064416533914,-3.884921164468091,-15.620691175653464,test_extra
b3c12,b3,5.6C(36%)-4.3C-newstructure,1,932.0,2.9694159123539814,1.0741653,1.0767059643574517,-7.169057513913706,-24.45515151513045,-1.4984625676823458,-3.9467899768101886,-15.314893063619513,test_extra
b3c13,b3,5.6C(19%)-4.6C-newstructure,1,816.0,2.9116901587538613,1.065558,1.0693436308410638,-12.152238713678498,-50.149090909088606,-1.5583663773653675,-4.094466485311571,-11.76548019743392,test_extra
b3c14,b3,5.6C(36%)-4.3C-newstructure,1,858.0,2.9334872878487053,1.0727056,1.0767955193782723,4.440836116262074,-13.774545454562997,-1.533393919034542,-3.999667694941731,-13.203557332650975,test_extra
b3c15,b3,5.9C(15%)-4.6C-newstructure,1,876.0,2.942504106168081,1.0684187,1.0711460339925785,-11.479632653063424,-52.138181818177074,-1.530408515674226,-4.000684421929468,-13.340330831580072,test_extra
b3c16,b3,4.8C(80%)-4.8C-newstructure,1,1638.0,3.2143138974244,1.061009,1.0639881654574317,-8.524476190483549,-65.90787878789456,-1.871213282131248,-4.694513499472995,-5.323302354980101,test_extra
b3c17,b3,5.3C(54%)-4C-newstructure,1,1315.0,3.1189257528257768,1.0664514,1.0675602926505872,-8.503658627085528,-23.355151515187924,-1.7475744000986957,-4.439713079764758,-7.236216829825155,test_extra
b3c18,b3,5.6C(19%)-4.6C-newstructure,1,1146.0,3.059184617631371,1.0680237,1.0703503435254582,-28.662964749536528,-64.92787878788683,-1.6297503059145464,-4.254052001185467,-10.342257243667843,test_extra
b3c19,b3,5.6C(36%)-4.3C-newstructure,1,1155.0,3.062581984228163,1.0719248,1.074234851172541,-29.676404452692925,-73.88909090910892,-1.5969883629889905,-4.171941874669042,-11.545479663150092,test_extra
b3c20,b3,5C(67%)-4C-newstructure,1,813.0,2.910090545594068,1.0650502,1.067813629030715,-7.197202226349204,-40.36242424241633,-1.55172674423117,-4.066344693269561,-11.919383387319954,test_extra
b3c21,b3,3.7C(31%)-5.9C-newstructure,1,772.0,2.887617300335736,1.0678563,1.0701251554566065,-159.6387384044552,-192.4945454545524,-1.363751396832805,-3.704326685729231,-23.53870422305198,test_extra
b3c22,b3,5.9C(60%)-3.1C-newstructure,1,1002.0,3.0008677215312267,1.0562643,1.0589705570385484,-16.023499072362164,-49.98242424245,-1.546539012772464,-4.046822397094466,-13.722550516362944,test_extra
b3c24,b3,5C(67%)-4C-newstructure,1,825.0,2.916453948549925,1.0462732,1.0499452884159957,9.96592331479106,-51.11575757578021,-1.6060319403400782,-4.155254994876533,-10.345482795288031,test_extra
b3c25,b3,5.3C(54%)-4C-newstructure,1,989.0,2.9951962915971793,1.0611302,1.0644624489729948,7.445048855906983,-46.8412121212132,-1.5755063124244275,-4.1465607447332715,-10.925821646167616,test_extra
b3c26,b3,5.6C(19%)-4.6C-newstructure,1,1028.0,3.011993114659257,1.0720186,1.0751236720779218,-0.0564935064917941,-42.84606060605532,-1.6165591632709488,-4.219507413901045,-10.13959278346487,test_extra
b3c27,b3,5.6C(36%)-4.3C-newstructure,1,850.0,2.929418925714293,1.0604171,1.0639172449680474,-4.069251700681787,-47.14363636365077,-1.575113615428363,-4.130132310934438,-10.70991087322853,test_extra
b3c28,b3,3.7C(31%)-5.9C-newstructure,1,541.0,2.7331972651065692,1.0518668,1.0546196123784786,-197.9998862090348,-267.253333333343,-1.2378383926134868,-3.451657893017001,-30.25611921470947,test_extra
b3c29,b3,5.9C(15%)-4.6C-newstructure,1,858.0,2.9334872878487053,1.0663688,1.0702955915431869,4.030369820656185,-59.81333333333608,-1.5387795593022977,-4.0635761002012085,-11.300575148553207,test_extra
b3c30,b3,5.3C(54%)-4C-newstructure,1,935.0,2.9708116108725178,1.0687393,1.0718779794190885,-3.3863661100803126,-31.676969696963543,-1.5728845665772753,-4.1002255467806545,-11.137570899382837,test_extra
b3c31,b3,5.9C(60%)-3.1C-newstructure,1,731.0,2.8639173769578603,1.0681812,1.0712683234714486,-8.960927643786825,-32.40666666670277,-1.4483132816471656,-3.8396030254357143,-16.35054856148944,test_extra
b3c33,b3,5C(67%)-4C-newstructure,1,1284.0,3.1085650237328344,1.060272,1.0628007830793649,-12.643974025978023,-56.95333333333531,-1.7014541887150514,-4.395898333073689,-7.84867836178756,test_extra
b3c34,b3,5.3C(54%)-4C-newstructure,1,1158.0,3.0637085593914173,1.061535,1.0643220859459903,-21.106993197285103,-72.75636363635803,-1.6673617546311603,-4.305659504591576,-9.55200556777299,test_extra
b3c35,b3,5.6C(19%)-4.6C-newstructure,1,1093.0,3.038620161949703,1.0633804,1.0654977024720669,-19.619458256017708,-49.344242424266525,-1.6377423618849245,-4.234858289724564,-9.826425701495063,test_extra
b3c36,b3,5.6C(36%)-4.3C-newstructure,1,923.0,2.965201701025912,1.0575287,1.0604855605681305,-21.96757699443648,-56.901212121194185,-1.6386157036816351,-4.253457920681209,-9.908357469924614,test_extra
b3c37,b3,4.8C(80%)-4.8C-newstructure,1,1390.0,3.143014800254095,1.0465839,1.0494689153498238,-1.887664811371982,-64.56606060605567,-2.073666661884879,-5.098855849397497,-1.0767977663257309,test_extra
b3c38,b3,5C(67%)-4C-newstructure,1,1935.0,3.28668096935493,1.0701473,1.0724270959929914,-8.761319727899167,-52.53757575757391,-1.695789490226726,-4.342053043792284,-8.693083372975451,test_extra
b3c39,b3,5.3C(54%)-4C-newstructure,1,1156.0,3.0629578340845103,1.0474036,1.050917441503195,-6.537256648116861,-27.93939393939572,-1.758007558315108,-4.454635076566319,-6.428438589560583,test_extra
b3c40,b3,5.6C(19%)-4.6C-newstructure,1,796.0,2.900913067737669,1.0593235,1.0633955084081632,-7.755779839218606,-47.003030303043786,-1.6565166769039124,-4.29510827493732,-9.078861478925766,test_extra
b3c41,b3,5.6C(36%)-4.3C-newstructure,1,786.0,2.895422546039408,1.0505219,1.0538754398664192,9.732551638834902,-50.33636363639353,-1.6163103876714375,-4.2195093707566445,-9.748050525024675,test_extra
b3c42,b3,4.8C(80%)-4.8C-newstructure,1,1642.0,3.215373152783422,1.0669198,1.069426474502576,1.8335163883754448,-22.43333333334384,-2.2510534698891034,-4.346194685061839,0.7845194706261451,test_extra
b3c43,b3,5C(67%)-4C-newstructure,1,1046.0,3.019531684531255,1.0701852,1.0727237451263647,3.101214594933426,-42.81393939396885,-1.8868458094603584,-4.316748020025344,-3.2660569334268033,test_extra
b3c44,b3,5.3C(54%)-4C-newstructure,1,940.0,2.9731278535996988,1.06972,1.0730794938565242,4.6328596165728015,-18.736969697001353,-1.5852750745744224,-4.131495522376496,-11.23106109649192,test_extra
b3c45,b3,4.8C(80%)-4.8C-newstructure,1,1801.0,3.2555137128195333,1.0695485,1.0715606994965985,-0.8742028447785949,-16.138787878821535,-1.7830965362089448,-4.5208508005857535,-7.131752461986142,test_extra
b1c0,b1,3.6C(80%)-3.6C,0,1852.0,3.2676409823459154,1.0706892,1.075193825140383,16.6639752628296,-11.450303030330003,-2.0726479673332374,-5.014861042960788,-2.873415224691916,sensitivity
b1c1,b1,3.6C(80%)-3.6C,0,2160.0,3.3344537511509307,1.0753012,1.0808624841393522,6.967829313541791,-36.26969696971104,-1.9584566567173611,-5.013959617162855,-4.09961462134519,sensitivity
b1c2,b1,3.6C(80%)-3.6C,0,2237.0,3.34966598409663,1.0799223,1.0847625183384864,11.41285095856499,-40.734545454555295,-1.7640578612436268,-4.7369997419805365,-4.486734282886989,sensitivity
b1c3,b1,4C(80%)-4C,0,1434.0,3.156549151331782,1.0797229,1.0841898538144707,15.499123067409432,-6.052121212104677,-1.722149303220757,-4.442613359277012,-7.455784700018413,sensitivity
b1c4,b1,4C(80%)-4C,0,1709.0,3.232742062720737,1.0784167,1.0819988935271074,17.241620284474063,-30.20666666666339,-1.8551769586673088,-4.647743660307859,-5.750008121960181,sensitivity
