set,model,n_feat,cv_mean,cv_std,valid_mean,valid_std,score_mean,score_std
A,ElasticNet,1,8.796,0.764,9.755,2.415,9.275,0.887
A,GPR,1,10.306,1.508,10.893,3.052,10.6,1.397
A,Lasso,1,8.802,0.769,9.768,2.36,9.285,0.859
A,Linear,1,8.825,0.807,9.632,2.546,9.229,0.925
A,RF,1,9.517,0.912,10.899,3.315,10.208,1.392
A,Ridge,1,8.791,0.76,9.783,2.385,9.287,0.878
A,SVR,1,9.139,1.025,10.863,2.648,10.001,0.958
B,ElasticNet,2,8.872,0.836,10.345,3.196,9.609,1.393
B,GPR,2,11.938,1.173,13.33,4.858,12.634,2.087
B,Lasso,2,8.937,0.842,10.221,3.281,9.579,1.394
B,Linear,2,9.229,0.837,10.341,3.538,9.785,1.49
B,RF,2,10.185,1.092,11.642,2.94,10.913,1.232
B,Ridge,2,9.177,0.829,10.679,3.413,9.928,1.437
B,SVR,2,11.174,1.096,13.301,4.3,12.238,1.807
C,ElasticNet,7,6.099,1.074,7.403,4.167,6.751,1.874
C,GPR,7,8.614,1.952,7.712,3.52,8.163,1.447
C,Lasso,7,6.411,1.077,7.595,4.558,7.003,1.996
C,Linear,7,6.077,1.069,6.715,2.694,6.396,1.261
C,RF,7,10.276,0.891,11.402,3.26,10.839,1.493
C,Ridge,7,6.043,1.076,7.35,4.212,6.696,1.941
C,SVR,7,9.405,0.957,9.868,3.339,9.636,1.571
