batch,key,policy,newstruct,life,pred,err_pct,life_vs_b1,dQ_logvar
b2,b2c6,3.6C(9%)-5C,0,393.0,648.19,64.93,b1 최소 미만,-3.53
b2,b2c18,5.2C(50%)-4.25C,0,449.0,731.81,62.99,b1 최소 미만,-3.71
b2,b2c15,3.6C(9%)-5C,0,396.0,642.11,62.15,b1 최소 미만,-3.52
b2,b2c2,5.2C(50%)-4.25C,0,424.0,617.96,45.75,b1 최소 미만,-3.46
b2,b2c9,5.6C(26%)-4.5C-newstructure,1,791.0,1131.83,43.09,b1 범위 안,-4.34
b3,b3c38,5C(67%)-4C-newstructure,1,1935.0,1129.99,-41.6,b1 최대 초과,-4.34
b2,b2c29,5.2C(58%)-4C,0,452.0,638.6,41.28,b1 최소 미만,-3.51
b2,b2c19,6C(60%)-3C,0,392.0,550.73,40.49,b1 최소 미만,-3.29
b2,b2c11,5.2C(50%)-4.25C,0,449.0,628.69,40.02,b1 최소 미만,-3.49
b2,b2c21,6C(60%)-3C,0,408.0,563.97,38.23,b1 최소 미만,-3.33
b2,b2c28,4.8C(80%)-4.8C,0,437.0,602.57,37.89,b1 최소 미만,-3.42
b3,b3c40,5.6C(19%)-4.6C-newstructure,1,796.0,1094.26,37.47,b1 범위 안,-4.3
